id,position,primary_keyword,role_family,experience_years,experience_bucket,english_level,english_score,skills,skill_count,interest_tags,cv_excerpt
0d138415-50d2-5450-bf3f-1f04d20799c4,"Art director, Web UI designer, Branding designer, Graphic designer, Illustrator",Design,design_ux,11.0,senior_10_plus,intermediate,3.0,figma;ui/ux,2,remote,"More than 300 successful projects done for 10+ years of work for clients in Ukraine, Europe, USA and Asia, as a freelancer or as a team member as well. Among clients: Samsung, Total, British Council, FAW, Xpower, Anagog, Yogo, Sigurd Vedal, Turkish Airlines, Macallan, AIG Lincoln, Ukrainian Greek Catholic Church, IDS Borjomi, National Technical University of Ukraine, Nanan, Aika, Gorenje, Ralot, 1C Bitrix, Vogster Entertainment, Vitesse, Yuterra etc. 10+ years of remote full-time, part-time, freelance and office work in Art-Direction and Web UI/UX (+responsive), Product and App Design, Brandin"
3add7b7e-304c-5d82-9b17-a7715813d363,Front-end engineer,JavaScript,frontend,5.0,mid_3_6,intermediate,3.0,javascript;react;react native;vue,4,,"I am a Front End Engineer. I am currently employed as Front End Engineer. The most experience I have with Vue JS, Vuex. A little less with React, Redux, React Native. I am also gaining experience with Stencil JS and Ionic. English level - Intermediate. I have Experience working with teams from different countries. Constantly trying to improve my technology skills. Also working on improving my English level on Cambly service with foreign tutors. I look forward to discussing my qualifications in more detail. I am looking for an opportunity to channel my skills into working with some of the most "
7062abfe-f109-548a-a12e-438bf0a38d14,Project Manager,Project Manager,product_project,3.0,mid_3_6,fluent,5.0,agile;project management;scrum,3,,"Professional and ambitious IT Project Manager with successful background in international business and project execution. Possess excellent organizational, communication and negotiation skills and the ability to develop and maintain mutually beneficial internal and external relationships. More than 9 years of management experience. IT PM Responsibilities: - Project assessment, planning and roadmap creation; - Development, release and further support of IT projects based Magento 1, 2 versions, Phalcon Framework, Zend; - Team work management, control and evaluation of the effective team performa"
4abe22f0-a3ec-564b-93e2-a33813ebdd7a,Oracle DBA,SQL,data_analytics,3.0,mid_3_6,fluent,5.0,linux;sql,2,,"Linux, SQL, Unix shell (BASH), BAT, Oracle RDBMS 10.2/11.2, VirtualBox, TCP/IP, Windows, MS Office My future working place is has to be related to Oracle products and services with the Oracle RDBS in the center. I have never ever worked as a developer but i'd like to gain experience in that field. So i'd willingly consider all job proposals matching my desire to stay with Oracle and move forward."
d4cbd86d-3ac2-5024-b0ba-ca9eb8f0b229,DevOps,DevOps,devops_cloud,1.0,junior_1_3,intermediate,3.0,aws;docker;jenkins;python;terraform,5,,"Cyber security vCISO intern Work with Cloud , python , bash , MDMs, compliances, Networks, Pentest tools. Education project on Epam It was my own custom python project (Andromeda - Service for information security ) Technology(tools) on the project: Jenkins, Terraform, AWS, Docker Compose, LAMP stack, Python jango. On my crypto team I was responsible for all stages of IT development. the infrastructure was create by terraform on AWS, python scripts configured instances and deploy services"
91610a9c-9c9f-5f3b-95ea-67c80a65196b,Разработчик C++,C++,machine_learning,1.5,junior_1_3,intermediate,3.0,git;java;linux;machine learning;python;sql,6,,"C++, Qt, STL, SQL, Python, Java, OOP, Design Patterns, concurrency, distributed computing, Algorithms & Data structures, good math background, machine learning fundamentals, cryptography fundamentals, SVN/Git, Linux"
b98a4ecf-dc8d-50a7-9b48-073968e6a49c,QA Engineer,QA,qa_testing,0.5,junior_0_1,fluent,5.0,api;python;qa;scrum,4,,"QA Engineer, Prestashop test project, December 2023 - February 2023 Project Description: Internet store Conducting Manual Testing of Web Applications (Functional, Usability, Localization, Cross-browser); Creating testing documentation (Checklists, Test Cases, Bug Reports); Creating API tests using Postman, Python(requests, pytest) Participating in Team Meetings (Scrum team) Tools: TestRail, Postman, Python, Requests, Pytest QA Engineer, Training project, February 2023- April 2023 Project Description: Medical center Manual Testing of Web Applications; Writing appropriate test documentation (Тes"
c2d02cab-a32f-54fd-8f0a-4daf81d200d4,IT recruiter,Recruiter,fullstack,10.0,senior_10_plus,intermediate,3.0,.net;android;angular;ios;java;javascript;node.js;php;product management;qa;ui/ux,11,leadership,"I have experience leading junior IT Recruiter. I'm able to find a candidate in a very short term. Closed vacancies: - Solution Architect -System/Business Analyst -Project/Product Manager - Team Lead - Developer (Front, Back, FullStack/JS, Java, C# etc) - QA Engineer -UI/UX Designer -other Organizing of full cycle recruiting process - Recruiting IT specialists - Software developers (Javascript (Angular JS, Node JS), ASP.Net, C#, .Net, PHP, IOS, Android.), Quality Assurance specialists UI/UX designers etc. Daily communication with potential candidates, selection of candidates for further intervi"
d9443d7e-d854-55cd-8cf9-b47a3b6be8d5,UI/UX Designer,Design,mobile,2.5,junior_1_3,fluent,5.0,android;ios;ui/ux,3,leadership;research,"Creation of multiple products from scratch, one of them is currently working. Product added good value to the portfolio of company's existing products. Conducted lecture for the design team inside the company: Difference between Android & iOS guidelines, implementation of material design in iOS environment. Currently creating a process for the new design team to continue product development. Allocation of obligations, creation of regular meetings and methodologies for design review process. Development of the design system and creation of guidelines for its usage Experience of working with exi"
0383da23-a018-548d-91c1-ce542b45c0c7,Senior .Net Developer,.NET,backend,5.0,mid_3_6,intermediate,3.0,.net;microservices,2,,"Self-directed, detail-oriented, and professional C# programmer with more than 5 years of commercial experience in designing, developing, analyzing, and implementing client-server, web, applications using C# language. Has experience in Microservices Architecture, DDD"
35a5f606-4876-5e74-9f65-d4027b842bda,QA engineer,QA,qa_testing,2.0,junior_1_3,intermediate,3.0,ios;qa,2,,"1. Engaged in all testing phases of systems development life cycle (SDLC), creating test cases and planning project goals. 2. Creation acceptance tests for the application development process. 3. Manual testing of new features, regression testing of all implemented features. 4. Quality assurance of project goals and aims. 5. Cross-platform testing of a product. 6. Reporting bug issues. 7. Performing UI testing of different products. 8. Engaged in different types of data-based analysis. 9. Performing technical writing activities. 10. Applying test design techniques (Equivalence Partitioning, Bo"
6ed94aaf-d0f4-5c50-bf62-af3006ae903a,Java Software Engineer,Java,frontend,1.5,junior_1_3,intermediate,3.0,git;java;postgresql;react,4,,"I worked on several projects such as CRM and online shopping. On CRM system, i was responsible for creating CRUD and writing native Query for PostgreSQL. For this, i used JDBC, GIT, Maven on backend side. On online shopping, i worked on connect backend and frontend sides and integrate datas from postgres to frontend. I used HTML, React-redux and Queries on database side."
8a676663-678c-5250-bf71-b9be0ac00031,Manual QA Engineer,QA,mobile,2.0,junior_1_3,intermediate,3.0,android;api;qa,3,,"Participated in the project for the development of a VR attraction in the shopping center ""Nikolsky"" in Kharkov with the successful completion of the project for the opening of the shopping center. I worked in a company that develops lasertag hardware and software. I tested both the hardware part of the product and mobile application for setting up game scenarios. I also tested the mobile application of personal player statistics and tested the VR Lasertag project, which is a full-fledged simulator of playing laser tag in virtual reality with various PVP and PVE modes. Also, I have experience "
10319d23-5e5a-571e-84e1-158457d2f20e,Data Scientist,Data Science,machine_learning,4.0,mid_3_6,fluent,5.0,api;computer vision;machine learning;nlp;project management,5,,"ML/AI Engineer, 07/2020 to Current Softesis I had the opportunity to work extensively on AI tools for test automation, honing my skills in this specialized area. I developed and implemented production-level ML, NLP, and Computer Vision products, contributing to the advancement of automated testing processes. This involved leveraging cutting-edge technologies and algorithms to achieve efficient and accurate results. One of the key aspects of my work involved data extraction, cleaning, analysis, and presentation of large datasets. I utilized my expertise in data mining techniques to uncover valu"
e5693019-3fc6-5cb3-9f13-7c16e68da19c,Junior Project Manager,Project Manager,product_project,0.0,junior_0_1,fluent,5.0,product management;project management,2,,"Coursera specialization courses: - Introduction to Project Management Principles and Practices Specialization, University of California, Irvine (2020) -Software Product Management Specialization, University of Alberta AgileEngine/ Transvoyant, Data Quality Analyst (Kyiv) (May 2018 - Present) - Reporting on data accuracy and quality, both internal and external customers - Mentoring junior team members - Using Jira and Confluence for documentation and creation/tracking of tickets - Primary data validation of new customers' data, using databases for data quality analysis - Communicating updates a"
f2025a33-0c16-5f88-8acd-7c0b03645879,Java/C++ Backend Software Engineer,Java,backend,3.0,mid_3_6,fluent,5.0,java;jenkins;python;scrum,4,,"At Nokia I received an award for boosting employee morale and productivity. There many smaller accomplishments, see work experience. Nokia. Developed and refactored C++ applications for the integration testing system. Developed features (Python) enabling semi-automatic bug report handling for the product owners of the department. As a process facilitator (Scrum master), built a team and work-process for a new project (including work-process events like daily sync-ups, planning and retro sessions). For this I received an award. Facilitated meetings chairing and risk monitoring. JetBrains Resear"
c5fe1103-5420-5085-a2a2-0357e6ff58c1,junior Full Stack Web Developer,Ruby,fullstack,0.0,junior_0_1,intermediate,3.0,javascript;react;ruby,3,,Self-study Ruby on Rails with a mentor // 12.2020 - 08.2021 Courses beetroot academy: - Front-End // 09.2019 - 02.2020 - Advanced JavaScript (React/Redux React) // 02.2020 - 04.2020 I am looking for a vacancy with the possibility of combining with the main job at the initial stage
bb9161d3-5b5b-501b-8072-f1655c792570,Senior Software Engineer,Java,devops_cloud,11.0,senior_10_plus,fluent,5.0,aws;elasticsearch;java;python;spring,5,,"Designing and early level development for a custom python-like programming language for customer-defined operations for ""unsafe"" environment. Template cookie cutter for company ""simple"" AWS-driven ETL processes Creating and refactoring spark-based real-time mechanism for price computation, real-time high-load metric processing tool, aws dynamic EMR cluster management tool with auto scaling, elasticsearch real-time system plugin. I am a software engineer with ~10 year experience in enterprise with deep knowledge in object-oriented programming, JVM languages (+Spring), Python, high-load data pro"
06f30731-246e-5bd3-bb83-d0dfa1cb4f2b,QA Engineer,QA,data_analytics,2.5,junior_1_3,intermediate,3.0,agile;api;figma;python;qa;selenium;sql,7,,"Courses (training center ""QALight""): - Software testing (50 hours); - Practical SQL (32 hours); - Unix courses + Networking (30 hours); - Performance testing (6 hours); - Web Servers and Web Services Course (6 hours). Self-education: - HTML/CSS (Sololearn); - Test automation with Selenium and Python (stepik.org, in progress). After completing the preparatory courses (QALight), I worked as a manual QA engineer in two product companies: - ""Madgicx"" (Dec. 2021 - Oct. 2022) - online advertising company - ""BillLine"" (Jan. 2021 - Sep. 2021) - payment service provider Gained experience: - software de"
d55f43ef-409c-5bae-abec-8bbf5c92f90d,Product Designer,Design,design_ux,11.0,senior_10_plus,fluent,5.0,data analysis;ui/ux,2,,"More than 20 successful huge projects developed, plenty of them were fin.tech. One has risen $15M from Adressen & Horowitz 6 years ago, another did a $5M pre-seed round last autumn. Created several huge projects from scratch. Building teams and processes inside marketing and product teams. 2014 Young Lions semi finalist Innovative designer with 10+ years of experience is looking for product company to solve complex problems. Able to deeply understand business' and stakeholders' needs and constraints they operate under to deliver solutions that will be consistent with those needs. Work through "
c49e88a9-37dc-517d-9741-68877ba2be53,Scrum Master,Scrum Master,product_project,6.0,senior_6_10,fluent,5.0,figma;microservices;product management;project management;scrum,5,,"I heavily contributed to building from scratch a new Value Stream in the company I worked for (NDA). After two years of hard work, our products became well-recognised by the top companies on the market and demand for them grew exponentially. Engineers that never worked with each other, became very strong, mature, effective and self-organized teams that turned ideas into tangible outcomes quickly and with high quality. Certifications Professional Scrum Master™ I (PSM I) (April 2022) Professional Scrum Master™ II (PSM II) (August 2022) Recent project example: Banking Platform. A SaaS platform fo"
ef30012f-d22a-51e5-a24d-bb208f28c178,Project Manager,Project Manager,qa_testing,7.0,senior_6_10,fluent,5.0,project management;qa,2,,"Management of various projects (American, Asian, European clients - Global 500 ranking companies); business correspondence; conference calls; online meetings, webinars; linguistic team coordination; tasks evaluation, scheduling, assignment, registration, documenting, tracking; results assessment, correction processes; QA; testing - Adobe Acrobat, Illustrator, InDesign (software builds, emulation packages, screenshots); bug logging/fixing. Over 6 years of experience as a Project Manager (Translation & localization company, Kharkov, 2008-Present) Key Skills • Project management • Business corres"
9f483db5-12d7-5464-be33-e31d9ea6c57d,Backend Developer,PHP,backend,7.0,senior_6_10,intermediate,3.0,git;java;javascript;linux;mysql;node.js;php;rest;spring,9,,"Reduced server response time to 30ms, optimized and reduced db size in half. Working and developing RESTful services for last several years PHP, Symfony2 | Javascript, jQuery, KnockoutJS, QUnit, Jasmine | NodeJS, GruntJS, Express, Async | Java, Spring, Smartfox2, MyBatis, ActiveMQ, Protobuf, HBase| Gearman, ActiveMQ | MySQL, master-master replication | Git, Subversion | Linux, CentOS, RHEL best if project is related with offline business or hardware"
8e5535bb-8a6a-51b9-b304-a0831aeecb17,DevOps,DevOps,devops_cloud,9.0,senior_6_10,intermediate,3.0,aws;azure,2,,"• Wide experience in design and installation of local area networks and wireless networks, configuring different client and operator level equipment (Ubiquiti, MikroTik, D-Link, TP-Link, Cisco); • Experience in building corporate networks on Mikrotik equipment, D-Link L2 / L3, Ubiquiti, TPLink; • Providing external / internal security and NAT rules and restrictions with Firewall; Excellent guided in network protocols VLan, OSPF, VPN (PPPoE, PPtP), EOIP; Professional knowledge in operating Microsoft Windows / Mikrotik RouterOS systems; Experience in setting server roles: DHCP, DNS, VPN, RDP; • "
e85a9a56-5436-54c4-92de-575a348d0cd0,Content manager/Project Manager,Other,design_ux,9.0,senior_6_10,fluent,5.0,project management;ui/ux,2,leadership,"Nowadays, everything that surrounds us is moving to the Internet. Everything that you see on the webpage is my specialization. For seven years of experience as a content manager, I see the minor mistakes in the text, gaps in the size of the pictures, UI/UX issues, and bugs in the code. I worked with a team of managers and designers who, under my leadership, worked with the content to develop confident projects. Content Manager SEOBROTHERS 08/2020 - 01/2022, Full-cycle SEO and content marketing agency Achievements/Tasks Working with content Adding, editing content on the site Working in a team "
a97ac400-2055-5d89-a8aa-8684f345eb9b,Middle Data Analyst,Data Analyst,machine_learning,11.0,senior_10_plus,intermediate,3.0,machine learning;nlp;python;sql,4,,"With a career spanning 10 years in the data sector, I have worked for numerous companies within Azerbaijan. I bring to the table my advanced skills in Excel, SQL, and Python. In one of my notable roles at an insurance company, I developed a strong ability to create detailed reports using Excel and SQL. This experience gave me the opportunity to use data effectively and improve company performance. Additionally, lately I was involved in the ""Mirza"" NLP research project where my responsibilities included collection, cleaning, and preprocessing of textual data for the Machine Learning models, mai"
d1eaa6ba-cbe5-5a6e-b8be-0b48a43fdb2c,Front-End Developer,JavaScript,frontend,2.0,junior_1_3,fluent,5.0,javascript;qa;react,3,,"I worked as a FE dev for two companies, one of them was e-commerce Finnish project (www.bauhaus.fi, www.bauhaus.ee), another one a Ukrainian company delivering crypto-currency solutions (CPAY, CoinpriceList,YomiFinance). I've mainly used React/Next.js and its infrastructure, actively collaborated with designers, BE engineers, SEO-specialists, QA. Currently working as a part-time FE for Calaton Systems. Looking for a new full-time role to become a better version of myself speaking professionally ))"
60fea5ca-4979-5166-bb3c-63c387a0b378,Business Analyst,Business Analyst,data_analytics,2.0,junior_1_3,intermediate,3.0,api;rest;sql,3,,Designed the requirements specification for the third-party API integration to reduce the cost of orders. Initiated and drove the development of the automatic role- and workload-based task assignments for the insurance department. Launched a trigger-based message sending service with complex business conditions. Supported the development of a chat-bot implementation for client assistance. Coordinated changes in the web interface ERP-system module for the service process automation. Transformed the reports used to evaluate employee performance to get the necessary metrics more clearly. Business
1fa679fd-e557-577b-9c23-e71468cafba1,Full Stack Developer,PHP,fullstack,7.0,senior_6_10,intermediate,3.0,angular;java;javascript;laravel;mongodb;mysql;node.js;php;react;scrum;spring;sql,12,,"Full stack software developer with more than 7 years of experience in web technologies, micro services, front end and database management applied to the banking sector, e-learning, document management and business. SKILLS Web design: HTML5, CSS3, Bootstrap, Wordpress & Joomla. Software development: PHP( Laravel, Lumen, Codeigniter, Slim) Javascript (Angular, Jquery, Ajax, AngularJS, ReactJs) NodeJs (Sails Js, Express Js) C# (Entity Framework) Java (Spring, Hibernate) Database: Mysql, SQL Server, Oracle, Mongodb. Methodologies: Scrum LANGUAGES English: Good knowledge German: Good knowledge Span"
5aa1cede-5a4b-59d1-9212-fdf89b17bbff,Flutter Developer,Flutter,mobile,2.0,junior_1_3,intermediate,3.0,api;flutter;rest,3,,"MY IT-SKILLS: - Strong knowledge of Dart language, - Strong knowledge of Flutter - Knowledge of data structures, - Knowledge of asynchronous principles, - Knowledge of Stream API, - Knowledge of SOLID, design patterns, - Knowledge of Clean architecture principles. - Experience Firebase, REST and WebSocket clients, SQLite, noSQL (Hive), states management (BLoC and Provider). - Good knowledge of Flutter SDK, deep understanding of Widgets Trees, custom animations. - Intermediate English level"
5342417e-c6e3-54d6-9129-16e6638210c7,Senior Python Engineer,Python,devops_cloud,11.0,senior_10_plus,fluent,5.0,microservices;project management;python,3,,"15 years in IT on different positions (test engineer, test team lead, project manager, Software Development Engineer in test) 8 years using Python Interested in big data and cloud technologies, microservices Not interested in just testing"
c80506b5-fb7b-5d11-97ba-6541578292b0,Junior QA Engineer,QA,mobile,0.5,junior_0_1,intermediate,3.0,api;qa,2,,"I got experience on BitTech (Betamedia) project. Duration: December 2020 - present BitTech, long-term partner from Israeli hi-tech domain, designs and delivers multi-technology software systems for financial services industry as advanced and innovative B2B Forex solutions. My responsibilities were Functional testing, Web, mobile and CRM testing, regression and sanity testing, writing TC, requirements analysis, API testing, Localized testing, Performance testing, monitor reported issues, and verify when they are resolved. I used tools, such as Tools, IDE: CRM, Postman, JMeter, Jira, Confluence,"
779a1d4d-9243-5cbf-8ceb-dd14e24b2028,Product Manager Project Manager,Product Manager,product_project,11.0,senior_10_plus,fluent,5.0,product management;project management;scrum,3,,"3+ years of management experience; 10+ years IT industry experience; 3 successful projects for top companies; Management several teams of 4-7 engineers; Experience in communication with foreign customers and teams (Germany, Korea, India) Self-starter Product/Project manager with more than 10 years in IT. For that period I gained experience in development, project management, Digital Marketing. I'm seeking for a job in challenging work environment where I can utilize my gained expertise and skills efficiently. Coordinating project: Risk management, maintaine process, team forming. Tools: JIRA, "
ed474391-09ee-576d-ba22-1268be6c6dba,UI/UX Designer,Design,design_ux,6.0,senior_6_10,intermediate,3.0,blockchain;figma;ui/ux,3,,"I have experience in conducting competitor analysis. Brainstorming for new features ideas, based on competitor research, with designers in the team. Conducting user testing to find out usability of current functionality. Creating a design system, adding new elements, and adjusting the current. Collaborating with designers to find ways of design system’s improve. Domains where I have gained experience: HealthCare, Transportation/Logistic, Education, Construction, Blockchain, eCommerce As a designer, I want to grow in the direction of UX, cause I love to recognize user's true emotions while they"
3248ada6-8b83-5af9-b2d5-0505b26ad0db,Junior QA Engineer,QA,data_analytics,0.0,junior_0_1,intermediate,3.0,api;postgresql;qa;rest;sql,5,,"2 working MuleSoft projects: - actual prices for spare parts; - IP info bot. System Integration Internship in SoftServe. Tasks: - creating MuleSoft projects; - REST API; - creating and performing MUnit tests; - working with My SQL Server and PostgreSQL; - working with Postman, Advanced REST Client by MuleSoft, Swagger."
2cef3dac-5804-5003-a36c-e8ec64dacdb4,Software Product Manager,Product Manager,machine_learning,5.0,mid_3_6,fluent,5.0,machine learning;product management,2,,"- Greatly improved efficiency of sales process by introducing new product for machine learning technologies and HMI concepts visualization. - Increased DAU rate by over 90%. - Managed product development and pre-sale activities within German & North American business units. - Introduced a good standard benchmark on execution and delivery quality on a company level. Product Owner Maxitech // 02/2020 - 12/2020, Achievements/Tasks: - Remarkably improved release management standards and efficiency of achieving the sprint goals. - Introduced product road mapping techniques on a company level. - Lea"
576771cd-94f6-5a12-81b8-798165216c0f,"Full Stack Developer, Oracle PL/SQL",Python,fullstack,8.0,senior_6_10,intermediate,3.0,angular;api;aws;azure;django;flask;javascript;mongodb;node.js;postgresql;python;react;react native;rest;sql;typescript,16,,"My preferences in technologies for the future project: Front end: React.js./ React Native or Angular10+ Back End: Python / Node JS, Databases: Oracle / MSSQL / DynamoDB / MongoDB My work preferences and strengths : 1) I have deep knowledge of Oracle Database and PL/SQL programming. 2) I have deep knowledge of JavaScript. 3) I have deep knowledge of Python. 4) I have deep knowledge of React.js/React Native and Angular 2+ 5) I enjoy making high-quality UI with ReactJS or Angular2+ 6) I like working with cloud technologies such as Amazon or Azure. 7) I like developing REST API Web applications on"
c6563b4e-ed82-5ec2-83f3-769935cf511b,React Developer,JavaScript,frontend,0.5,junior_0_1,intermediate,3.0,git;javascript;react,3,,"Developed several web applications (for myself). One of them is a pizza ordering site, as well as a sneaker site, a movie site, and a Marvel comics site (you can view all of this on my github). He also developed an online store with hiking equipment. I have actively worked on several pet projects, which have allowed me to refine my skills in Front-end development. Additionally, I have had the opportunity to work on the Front-end part of client websites on a freelance basis, gaining valuable experience in dealing with real clients and project requirements."
bbc04570-5e0c-594b-a285-8b522cf0179d,Trainee/Junior Java developer,Java,backend,0.0,junior_0_1,intermediate,3.0,git;java;mysql;postgresql;spring,5,,"In programming courses, they performed various tasks on various topics. All examples of problem solving are available at github.com With great interest I solve problems on codewars.com. Currently reached level 6kyu Java programming course. Knowledge and understanding of OOP and SOLID principles. Experience with Github. Basic knowledge of working with MySQL and PostgreSQL databases, including using JDBC and JPA technology. Basic knowledge and some experience with Maven, Spring and Spring Boot. I want to become a highly qualified Java programmer, develop my skills and knowledge in programming."
cd1715bb-1f95-5cf9-867b-c6535cddb64c,"E-learning manager (English language), language trainer, translator (gambling, betting)",Other,qa_testing,11.0,senior_10_plus,fluent,5.0,qa;scrum,2,,"I am committed English trainer with big educational experience (10 + years in various IT companies). I have conducted corporate English classes, Business English classes, TOEFL preparation to the Developers, QA specialists, Scrum masters, Top managers. I have translated documents, sites and promo materials for various departments(marketing, product, HR, legal). I have been a language team lead(HR department branch) for the last 5 years, managed teachers of English and everything language-related(translation and interpretation wise). Worked both offline and online using Google classroom, Google"
e63f13b0-56ff-5b7e-a44f-4e9591b2f1e0,Senior/Lead Software Engineer,Java,devops_cloud,7.0,senior_6_10,fluent,5.0,gcp;java,2,,"I've given a few public talks, including a speech at a DDD-related conference in Amsterdam in 2020. I have vast experience with Domain-Driven design, software modelling, and architecture in general. My main big project was a Java DDD framework. Within the scope of that project, my team and I implemented several cloud-based products. My role was integrating with several 3d-party systems, including Google Cloud Platform and Apache Kafka and overseeing project infrastructure with tools such as Protobuf, Gradle and several CI solutions. My responsibilities also included conducting code reviews for"
1a9487a6-3f91-59ce-8245-87e68890a3e8,Junior PHP Developer(Codeigniter),PHP,backend,0.5,junior_0_1,fluent,5.0,git;javascript;mysql;php;sql,5,,"To be a good developer n be helpful for Company where i m working Knowledge-PHP, OOP, MVC, HTML, SQL, MySQl, WordPress, JavaScript, JQuery, CSS, ,Ajax. Framework-Codeigniter, Bootstrap. Version Controle System Git, i have great wish to work with good team."
760399be-0a50-5af2-999a-c74e10e6e7a4,Senior iOS Developer,iOS,mobile,5.0,mid_3_6,intermediate,3.0,api;git;ios;rest;swift,5,,"I'm a software engineer with over 5 years of experience in the software industry. I have worked with customers from the Netherlands, the USA, Germany, and others. I've participated in developing web applications in the international teams. Swift, Xcode, Git, REST API, CocoaPods, Autolayout, MVC, Multithreading, SOLID, JSON, Objective-C, CoreData, MVVM, Firebase, Jira, Alamofire, Design Patterns, Push Notifications, SwiftLint, Realm"
78942893-349a-5b1b-b3ae-b4c497386775,Product manager,Product Manager,product_project,3.0,mid_3_6,fluent,5.0,agile;product management,2,leadership,"1) Could help 100+ leukemia diseased kids via Cancel Cancer University project. Got first place as project of the year for it. 2) Could get high renewal rate during my presence at PASHA Insurance. I was fully responsible for all decisions & strategy organization for it. 3) Doubled my partner's sales at Azercell since July 2021. Completed my annual KPI's in October. 4) Got 2000+ users register for my business project: blazegaming, with small SM budget (~2000$). 5) Could get Digerati monthly Product Line from 1 product/month up to 20+ products/months in couple months. 6) re-organized Product Por"
98eaa22a-e3b0-5bdf-8740-9e110c73a308,Head of Product,Product Manager,machine_learning,7.0,senior_6_10,fluent,5.0,machine learning;product management;python;sql,4,,"Knowledge of financial modeling/valuation and common programming tools (MS Excel, R, Python, Bloomberg; pro knowledge of SQL, VBA, C++). Relevant coursework: Corporate Finance, Investment Analysis, Asset Pricing, Derivatives, Fixed Income, Advanced Macroeconomics, Advanced Econometrics (incl. Time Series and Financial Econometrics), Theory of Probability and Statistics, Stochastic Calculus, Big Data & Machine Learning in Python, Numerical Methods for Finance Using R. GPA: 7.11 / 10. 7+ years experience in finance and investment product management and global capital markets."
5345277a-3402-5fa3-8e76-08fb08f3cb68,UX/UI Designer,Design,design_ux,0.5,junior_0_1,intermediate,3.0,figma;ui/ux,2,,"I am a result-oriented UI/UX designer and i have 8 month experience. I am dedicated to delivering top-notch designs that meet both user and business needs. I have a keen eye for detail and a strong ability to communicate effectively with stakeholders, making me a valuable asset to any design team. I am passionate about UX/UI design and i would like to fully dedicate myself to this field. I am excited to continue growing my career in the field of UI/UX design and can't wait to contribute my skills to a team and make a meaningful impact. HARD SKILLS: User interface User experience Interaction de"
f2e31d3f-a431-525e-a6a4-aada5373b6dc,Junior c++ Developer,C++,data_analytics,0.0,junior_0_1,intermediate,3.0,api;linux;python,3,gaming;remote,"Have the pet project of the game engine for Vulkan API learning. The current realized features are the rendering of a game world of multiple objects with different meshes and textures, which can be created, deleted or transformed dynamically using a python script. Key skills: C, C++ (with 11/14/17 standards features, STL), Python, Qt, Linux Currently learning Vulkan API. Have experience with Assembler (MASM, TASM), JNI, SQLite, Boost library, networking development (boost::asio), WinAPI, cross-platform development (Win/MSVC, Linux/Qt Creator), Unix (POSIX) development, writing software rasteri"
394ab308-64a6-513b-8dc4-6cf6c8cb9182,SalesForce Admin/Consultant,Salesforce,qa_testing,1.0,junior_1_3,fluent,5.0,android;api;ci/cd;docker;git;ios;java;jenkins;linux;python;qa;rest;selenium;sql,14,,"Improved Salesforce configuration. Implemented Quality Assurance process from the scratch. Also I succeeded to improve Customer Success Management in the Company on a higher level. Later on I was delegated a responsibility of a Customer I helped to my Company to hire 3 new team mates that are very successful now. Good experience in communication with the clients from different countries and regions. Hi there, I'm Salesforce admin with 1 year of experience and 6+ years of IT experience as QA engineer. I also have passed SalesForce Associate exam and preparing for SalesForce Admin certification."
5960ea10-cdb8-5d1c-9d13-863b9aaa3ba3,Frontend/Fullstack developer,JavaScript,fullstack,0.5,junior_0_1,intermediate,3.0,api;javascript;php;react;react native,5,,"I'm had create bash/php scripts, such as parsers, scripts for billing, L2/L3 hardware management scripts and other usefull stuff, for local ISP. Scripts has been integrated with couterparty API(payment systems, bank, etc). Also I had created official site of that ISP and media-catalog too as a part of team. Currently the websites and ISP is shutdown for well-known saddly reason. Have expirience with vanilla JS and React. I had worked a little with React Native in my pet projects. Outstaff developer at local ISP. Freelance. I am expecting for an interesting tasks which take me opportunity for m"
3338fbd7-20d9-5d97-840f-936d909046e0,Frontend Developer,JavaScript,frontend,0.0,junior_0_1,intermediate,3.0,figma;javascript,2,,"I have no commercial experience, but you can take a look at my pet projects: - Travel company : this is my first pet project, it was created on the basis of a layout from Figma, I used BEM technology for a high-quality site structure, as well as CSS pseudo-classes and pseudo-elements"
0c062883-e286-5be8-a699-a01962178273,QA Lead,QA,qa_testing,2.0,junior_1_3,intermediate,3.0,agile;git;qa;scrum;sql,5,,"Highly motivated person. Knowledge of industry QA methodologies and the Software Development Life Cycle (SDLC) Have a capability to work in stressful environment. Aspire to master the skills of software testing. Theoretical knowledge in QA/QC: — SDLC, models and methodologies of SDLC (Waterfall, V-model, Scrum/Agile); — bug`s life cycle; — roles and activities in project team; — test case design and maintenance; — testing techniques: equivalence partitioning, boundary values, positive/negative tests, errors guessing, — testing types (functional, non – functional, security, localization, compat"
40919599-8a7b-5503-a38e-747f74a6ae49,Project Manager,Project Manager,product_project,7.0,senior_6_10,intermediate,3.0,project management;scrum,2,,"Management of two different teams, solving of all difficult questions Project manager (apr.2015 - present) - Opened two different offices from scratch (found the buildings, hired employees, organised all processes). - Experience in dealing with two teams - 9 and 9 people. - Daily management and control of all aspects. - Working with documentation. - Working with customers and deadlines. - Solving of conflict situations. Project manager (jun. 2014 - apr. 2015) - Experience in maintaining project documentation: from the start of the project to its finish - Working with team deadlines - Experienc"
f2a6efc3-81a1-5280-8e48-c18e01a89d0d,Junior Front-end Developer (React),JavaScript,frontend,1.5,junior_1_3,intermediate,3.0,.net;javascript;react,3,startup,"Brought the front-end part of the startup written on a non-profile stack (.Net) to sale on the market Worked on creating a platform for collecting statistics from TikTok (DataTikTok).Technical stack: .Net, JS, Bootstrap5. Was the only front-end developer in the team. Also worked as a freelancer at the same time, creating landing pages for gambling companies. Technical stack: React or HTML/CSS/JS All the time I was on my own and there was no one to take experience and best practices of development, code architecture, etc. from. Therefore, I want to become a part of the team and rather develop i"
e270dbbc-ec73-5315-ad81-ad58ae897560,Software Architect / Technical Lead,Lead,machine_learning,11.0,senior_10_plus,fluent,5.0,api;machine learning,2,,"Software engineer with more than 10 years of extensive experience working in various roles, including: developer, team lead, competency manager, solution architect. Solid professional background in various technical areas such as: - System architecture design, documentation and analysis - Distributed systems supporting data and traffic load at scale - 3rd party and partner system integrations - Data architecture and automation, warehousing and analytical solutions - Content recommendation systems - ML operations and infrastructure - Support and tech leadership at pre-sales and discovery phases"
95ff400a-a38c-5c7e-869f-7ee8711ed9df,C++ Developer,C++,devops_cloud,4.0,mid_3_6,intermediate,3.0,.net;api;ci/cd;docker;git;jenkins;postgresql,7,,"April 2018 - May 2019, «Aerovortex» (Part time) Description: The company is engaged in the development of aircraft simulators. Responsibility: Development of the visual part of the software for calculating the dynamics of the movement of aircraft. Communication with Fortran mathematical library for building 2D graphs using qwt, building vector fields and air flow visualization tool using OpenGl. Bug fixing. Technologies: C++, Qt Framework, OpenGl August 2019 - July 2020, «Digital cloud technology». Description: The company develops software for the Microsoft Store. Responsibility: Development "
4b65017c-65d2-5afb-a709-95a3c95242d1,Junior Java Developer,Java,backend,1.0,junior_1_3,intermediate,3.0,java;spring,2,,"Java Developer in ""SoftServe"" company (since 12/2022 - Present) Java Courses in ""GeeksForLess"" company (4 months) Udemy course ""Spring for Beginers"" (40 hours). Requirements analysis and clarification; Development Backend (Java) Estimation tasks; Code development and bug fixing; Unit testing (JUnit). 6-10 team members Creating pet-project"
547077a3-3697-5235-89c5-9dd308cdbf7a,UI/UX Designer,Design,design_ux,11.0,senior_10_plus,intermediate,3.0,figma;project management;ui/ux,3,,"Certificates: Google UX Design Google Project Management Google Digital marketing and e-commerce I started my design career in e-commerce. This one gave me an exceptional experience at the start of my career. Then for a long time I worked independently on very different and creative freelance projects. After a few years, I realized that nothing is impossible for me. For a while I worked on product design with great guys. During this time, I realized the benefits of working in a large team. With them, we did a lot of cool things and achieved great goals that. I try to make every my work full of"
42e8e874-e7d8-50d9-a5e0-3b6095e1f507,"Full-Stack Developer, Front-end Developer",JavaScript,fullstack,7.0,senior_6_10,fluent,5.0,angular;aws;javascript;microservices;node.js;react;rest;ui/ux,8,,"- The most amazing tool I've developed is an ERP system that makes shipping processes easier, providing rich tools and widgets for everyone involved. - I've conducted close to 200 technical interviews. - Successfully migrated a legacy software system to a new platform, reducing maintenance costs by 40% and improving system reliability. - Mentored and trained junior developers, improving team productivity and skill development. - Conducted code reviews and implemented coding standards, resulting in improved code quality, reduced technical debt, and improved maintainability of software systems. "
5bf53026-b5dc-5e6e-a2b7-90377fff9ecb,SAP BW\HANA Analytics,Data Engineer,data_analytics,11.0,senior_10_plus,fluent,5.0,.net;data analysis;node.js;sql;tableau,5,,"Looking for job in Kyiv More than 11 years of SAP implementations experience varying from stand-alone SAP BI implementations to development of highly customized BI/DWH-applications for companies from different industries (coal mining, utilities, pharma, insurance, automotive) and clients from different countries (Ukraine, US, Germany, Norway). Candidate is skilled in SAP HANA & BW/4HANA, as well as in SAP BPC, legacy SAP BW. Candidate also has experience of implementation of SAP HANA Native applications in hybrid IT landscapes and team leadership with global view and focus on teamwork & motiva"
1e2f3b47-7b28-5a0e-9526-b72436a78590,QA Automation Engineer,QA Automation,mobile,6.0,senior_6_10,intermediate,3.0,agile;api;git;java;javascript;jenkins;playwright;qa;scrum;selenium,10,,"Have 6+ years of experience in Web, Desktop, API, and Mobile testing. Have hands-on experience with QA methodologies, testing techniques, and approaches. Possess practical knowledge and experience of Agile/Scrum processes. My expertise includes automated and manual testing, test planning, test case design, test execution, and defect management. I have a proven track record of ensuring high-quality software products are delivered on time and within budget. The hard-working and motivated individual with lots of initiative and enthusiasm in delivering high-quality software. Detail and result orie"
7061c1d5-0673-53e1-a32f-9acb5e23b41a,Junior Front-end Developer / Full Stack (Node.JS),JavaScript,fullstack,1.0,junior_1_3,intermediate,3.0,angular;api;git;graphql;javascript;mongodb;mysql;node.js;react;react native;rest;scrum;typescript,13,,Non-coding position in previous company: 13 years` experience of communication - IT support - with people Worldwide. Training the local and global teams for many global IT projects Only positive feedbacks from users/management especially about teaching/coaching aspects. Built trusted relationships between business and IT team Full stack developer life: 6 month full time coding - i think it`s a great my achievement! 3 finished team projects (1 week for each of it): 1 project - HTML + CSS 2 project - HTML+CSS + JS 3 project - HTML+CSS+JS+REACT+REDUX 4 project - HTML+CSS+JS+REACT+REDUX+NODEJS+Mon
938aa8fc-8a45-5a7a-90a6-a8cbfaeb8019,2D / Lead Artist/ Art Director/ UI Artist,Design,design_ux,11.0,senior_10_plus,intermediate,3.0,figma;ui/ux,2,,"My name is Inna. I am originally from Ukraine and live in Hamburg, Germany. I have 12 years of experience in game development, UX/UI and 2D Art . I have strong drawing and painting skills, extensive experience in UX/UI development, drawing of characters and environmental designs. I'm highly motivated, adaptable and always open to learning new techniques and software. Passionate about making any kind of art and always trying to push myself to a new level. I worked on different types of games: casual, hidden object, strategy, online casino, puzzles, match-three, for mobile and PC. SUMMARY: - Cre"
22308711-1619-5847-b039-b13b3a2b7eaf,Manual QA Engineer,QA,qa_testing,2.5,junior_1_3,intermediate,3.0,agile;qa,2,,"Conducted manual testing of new features in a web application, identifying and documenting over 500 defects during the tenure. Developed and maintained test cases and test scripts, ensuring their relevance and alignment with changes in functionality. Performed regression testing at every stage of development, preventing the release of numerous critical defects. Actively participated in meetings discussing requirements and specifications, providing feedback on potential user-oriented issues. Collaborated with developers and project managers to clarify feature details and release timelines, faci"
742f7b8d-2497-50ef-835b-671f25ab9b4e,Junior Project manager / Junior Product manager,Product Manager,product_project,0.0,junior_0_1,intermediate,3.0,computer vision;product management;project management,3,,"Greetings, dear reader! I have more than 7+years experience as a Purchasing Manager in numismatic company. My diverse experience in negotiation and trading helps me make the right decisions quickly. And also to find the best goods at the best prices. In addition, my experience in personnel management helps me to properly allocate time, prioritize tasks and manage resources. During my work, I created logistics between different countries, I also trained and managed new employees and helped develop an internal procurement tracking system. All these tasks helped me find solutions quickly to compl"
f1f7e887-caa3-52a0-9e3b-49c690ea00a9,junior java developer,Java,backend,0.0,junior_0_1,fluent,5.0,android;angular;api;ci/cd;computer vision;flutter;git;java;linux;machine learning;mysql;php;postgresql;python;react;rest;spring;sql,18,,"-experience in participation in real (non-commercial) projects -work with OOP for 3 years (2 years of Java) -have pet-projects done using various popular technology stacks -upper-Intermediate English and German (certified by Cambridge University and TestDaf Institut) -6 publications and 4 scientific papers which have won at Ukrainian and Polish conferences -experience in participation in real (non-commercial) projects -work with OOP for 3 years (2 years of Java) -have pet-projects done using various popular technology stacks (More in CV) - OOP/OOD, Alghoritms and DS - Java SE 8+ - Android deve"
09128e7c-f5c4-58e6-8275-e3b36d8b4bb4,Senior DevOps Engineer,DevOps,devops_cloud,6.0,senior_6_10,fluent,5.0,.net;aws;azure;ci/cd;git;github actions;java;jenkins;kubernetes;linux;microservices;php;python;terraform,14,,Build DevOps practices from scratch. Split monolithic application to micro services. Infrastructure migration in large scale and high load system. I am a DevOps with more than 6 years of experience in DevOps practices. I have high-level skills in automation. Have good knowledge in: - AWS - Terraform - Kubernetes - Istio - Ansible - ArgoCD - Helm - Kustimize - Bash - Python - Jenkins - GitHub Actions - Groovy - Git - Linux - Windows - Azure - Azure DevOps - VSphere - Packer Excellent team player. Familiar with cloud concepts microservices architecture and CI/CD. Result oriented and well perform
e210673e-707f-5f77-9a5b-2384d9a1c07e,Manual QA Engineer,QA,data_analytics,3.0,mid_3_6,intermediate,3.0,api;qa;scrum;sql,4,,"QA Engineer with over 2 years of experience of testing. Have written and executed test cases and performed re-testing/regression/alpha testing. Created and maintained test plan, checklist, and other types of test documentation. Have work experience in Scrum/Kanban processes. Using Jira, TestRail, Trello also tools Postman, DBeaver. Working with test documentation in Confluence. Have basic knowledge HTML, SQL, API."
5edd45c9-4da9-589f-970d-136abb414f11,Junior Python Developer,Python,frontend,0.0,junior_0_1,intermediate,3.0,django;javascript;mysql;node.js;python,5,,"The web app to keep a diary of glucose blood level for people with diabetes. Technology Stack: Node.js, JavaScript, MySQL, HTML, CSS I have experience in developing non-commercial projects in both backend and frontend. I developed web application backend part on Node.js including working with databases (MySQL) and also designed frontend with HTML, CSS, JS. For now I would like to learn more about Python and Django in particular and get more practical experience in this area."
235e034c-5a41-5067-b77f-c163ffa0429a,Manual QA Engineer,QA,mobile,0.0,junior_0_1,intermediate,3.0,qa;selenium,2,,"I am graduating from the Kyiv OK-IT School course ""Profession tester"". During my studies, I've been performing site testing (black box systems), mobile applications (in the BlueStacks emulator), and writing documentation such as test cases (TestRail, Excel), checklists, and bug reports (in Jira and Trello). Also, I've been testing open APIs (in Fiddler and Postman). I have knowledge and experience using variables in simple autotests (in Postman). I've got basic skills for creating simple self-tests in Selenium IDE. I hope to develop skills in automation testing."
5ad8402b-5445-56c3-ac3f-4e1aee3ce489,Senior Data Scientist / ML Engineer,Data Science,machine_learning,7.0,senior_6_10,fluent,5.0,blockchain;data analysis;docker;flask;machine learning;postgresql;python;pytorch;spring;sql,10,remote;startup,"1. Kaggle Competitions Expert level. 2. A bunch of finished MOOC DS courses: - Ng's Deep Learning - J.H.University Data Science Specialisation - ODS open ML course - CS-231n (Convolutional networks) - HSE & Yandex ML basics - Yandex's SHAD (Data Analysis School) courses 3. As I've said, I lecture at university (ML math basics course). In addition to deep intrusion into ML algorithms' basis, I try to help fresh students to get a bit more about their real future opportunities in industry, from the side of active specialist. 1. (currently) 6 months in Microsoft, Bing Core team, full-time remote. "
47412c50-3715-5c57-b348-3b04013a86af,"Manual QA, QA Lead",QA,mobile,3.0,mid_3_6,fluent,5.0,android;api;ios;laravel;php;project management;qa,7,,"Project Manager / Business Analyst, Handlarfinans September 2019 - Present Handlarfinans is a product financial tech company with many API integrations with banks, government registries and institutions, ERP systems. I participated in developing web modules for clients and system administrators, as well as mobile applications for iOS and Android. Main responsibilities: - Identification of business requirements - Search for new technologies that meet business needs - Creation of software requirements specifications for developers and testers - Responsible for the timely delivery of new features"
470d74e5-9aa4-5f24-bb4a-c5f8d0bb0504,"UX/UI Designer, Wed Designer",Design,design_ux,1.0,junior_1_3,intermediate,3.0,figma;ui/ux,2,startup,"Accomplishments: - I created a style, promo materials, posters, and covers for the main screen of 3 business conferences (a total number of 1.5 thousand people) - Ads design for a wellness startup, that helped them enter the Polish market - I cooperate with the largest business media in my country Hi! I'm Nadya and I have 1.5 years of experience in UX/UI and Web Design working for a startup and one business media. For example, I made social media materials (Banner, Cover, Post, & Ads) design, YouTube thumbnails, digital materials for events, etc. Also, I made 5 landing pages and 2 online store"
c3ad1504-3307-5307-8d7f-67b6b4b0281b,Java Developer,Java,backend,1.0,junior_1_3,intermediate,3.0,git;java;spring,3,,"In my previous job. I established myself as a reliable and responsible employee, which led to my promotion to a mid-level position in a relatively short period of time. Also, I successfully utilized new tools for project development and took part in their implementation within my team, which significantly reduced the time required to complete tasks. Hey! I am a qualified engineer with a master's degree in engineering and have a background: - Java Core, Java 8. - Object-Oriented Programming (OOP). - SOLID principles. - Software Design Patterns. My technology stack includes: - Working with JDBC,"
fb1e7ad9-bdcf-5aa6-a60a-ea92bd1ce4e4,Junior JavaScript developer,JavaScript,frontend,0.5,junior_0_1,intermediate,3.0,aws;django;git;go;javascript;linux;mongodb;mysql;node.js;postgresql;python;react,12,,"- Qualium Systems :: JavaScript Developer :: 01/2018 – 05/2018 JavaScript, React, Redux, Node.js, Express, MongoDB, PostgreSQL, AWS JavaScript (ES5, ES6) React, Redux Node.js, Express GoLang Python, Django MongoDB, PostgreSQL, MySQL HTML, CSS Linux, AWS, Git Interesting projects, good oportunities for professional growth."
0127f285-94c0-5efb-b4df-95de456a5a2f,Big Data/Machine Learning/Algorithm engineer,Data Science,machine_learning,11.0,senior_10_plus,fluent,5.0,aws;azure;elasticsearch;flask;java;linux;machine learning;nlp;numpy;pandas;python;redis,12,remote,"* Data platform for large financial company * Small TF-IDF based search engine, vector space model to represent texts, TF-IDF as relevance measure, cosine similarity to find significant words per text/author and to locate texts similar to a given one * Content-based recommendation engine (TF-IDF, cosine similarity). PredictionIO, Spark, Java * Distributed RSS indexer (Java, beanstalkd) * Search engine for people's profiles in social networks - Elasticsearch, Java, Amazon SQS, Azure, HBase * Facebook app allowing to index FB friend profiles in Elasticsearch and search them, Scala * Heuristic al"
9e72aae6-b328-5dc4-98fd-208cb5a911d3,Product manager,Product Manager,product_project,8.0,senior_6_10,fluent,5.0,blockchain;product management,2,gaming,1. Increased referral program effectiveness by 3 times (projected annual impact - 156k users against 50k). 2. Launched localized product in 5 European countries. 3. Futuristic car prototype software for CES. 4. Increased subscription upgrades by 3% with a relatively small user admin feature (1 week of development by 1 dev). 5. Designed an upsell flow that generates 80% annual subscriptions out of all generated subscriptions for specific feature. 6. Development of solutions that reduced time spent on routine operations (Admin tool: 3 solutions in total decreased time by 20% for each employee; T
3b536827-3d7a-5ff7-ae17-62b9dc97aca5,DevOps Trainee,DevOps,devops_cloud,0.0,junior_0_1,fluent,5.0,aws;docker;kubernetes,3,,"Currently doing DevOps courses, learning Docker, Kubernetes, AWS. November 2016 - November 2017 I Customer Support Specialist November 2017-January 2018 | Customer Support Lead February 2018 - January 2019 I English Teacher SHANGHAI/CHINA May 2019 - August 2019 - System Administrator/Technical Support KYIV/UKRAINE November 2019 - July 2020 I Cabin Crew DOHA/QATAR October 2020 - Present I Senior Customer Support KYIV/UKRAINE I'm interested in development in DevOps. The position where I can get more experience/skills and use my current knowledge."
81172377-a476-5c29-b962-9c7f6abe3601,Oracle Database Engineer,SQL,data_analytics,9.0,senior_6_10,intermediate,3.0,linux;sql,2,,"Support banks, insurance company, payment systems. Crossplatform migrate Oracle Database Migrate single instance to cluster Work with database 80+ Tb Oracle Database 10g, 11g, 12c, 19c Oracle RAC, Oracle Dataguard, Experienced troubleshooter Professional Google user Experienced Technical Support L2, L3 Experienced user of Windows, Linux, AIX, etc. Interesting and difficult tasks, professional growth, friendly team, strong teamwork."
2c744927-ce2b-5c42-9f5c-42abf4cab95b,QA engineer,QA,qa_testing,8.0,senior_6_10,intermediate,3.0,product management;qa;rest;scrum,4,remote,"Experience Name of Employer : ""Cisco Systems"" Dates of Employment : from 10.2021 – to until today Job Title : QA Engineer & Scrum Master Responsibilities and Key Accomplishments: - Regression testing - Communicating with customers (product owner, product manager, UI-UX Designer) Setting tasks for the team - Writing and executing test-cases - Prepare Regression and smoke test-cases scopes - Setting up and maintaining in Jira - Setting the processes in the team - Requirements analysis Name of Employer : ""EPAM Systems"" Dates of Employment : from 04.2020 – 10.2021 Job Title : QA Team Lead - Leadin"
af219ade-2519-51e9-8843-ae844190e7e5,PHP Developer,PHP,fullstack,5.0,mid_3_6,intermediate,3.0,javascript;mongodb;mysql;php;vue,5,,"Education: Bachelor's Degree Kiev National Polytechnic Institute named Sikorsky, Faculty of Informatics and Computing Techniques, specialty ""Computer Engineering"". Experience: 1. Web developer in the studio Woxed (March 2017 - February 2018). Responsibilities: - development and support of sites. (PHP,JavaScript,JQuery,Ajax,Html,Css,Bootstrap); - installation and configuration CMS(WordPress); 2. Full-stack developer (PHP Yii2, JS AngularJS) in the UCG holding (February 2018 — October 2019). Responsibilities: development on the framework Yii2. (PHP, Yii2, Javascript, AngularJs, MySql, MongoDB) 3"
