batch_id,run_id,participant_set,project_set,weight_profile,method,is_main_method,feasible,objective_score,mean_team_score,min_team_score,max_team_score,fairness_deviation,assigned_count,required_slots,sample_count,feasible_count,objective_score_std,objective_score_min,objective_score_max,mean_team_score_std,mean_team_score_min,mean_team_score_max,min_team_score_std,min_team_score_min,min_team_score_max,max_team_score_std,max_team_score_min,max_team_score_max,fairness_deviation_std,fairness_deviation_min,fairness_deviation_max,participant_count,project_count,total_runtime_seconds
ex-all-all-def,participants_080-projects_a-weights_default,080,a,default,thesis,True,True,3.3951269230836187,0.8559346135862419,0.7988245516463333,0.9132706766917293,0.11444612504539609,16,16,1,1,,,,,,,,,,,,,,,,80,4,4.99255889000051
ex-all-all-def,participants_080-projects_a-weights_default,080,a,default,random,False,True,1.5700699217303749,0.4090145824364739,0.28107086797461533,0.5450245000366982,0.26395363206208294,16,16,30,30,0.22775762909892244,1.1173777244029024,2.1475125775462147,0.056300094980856724,0.2857044818398338,0.5487333695172838,0.07600470388909585,0.13674800904192957,0.41964909623775337,0.07414668023630494,0.3328606257544926,0.6834116381937798,0.09012285590412471,0.09744825589795231,0.4425952167979544,80,4,4.99255889000051
ex-all-all-def,participants_080-projects_a-weights_default,080,a,default,greedy_fit,False,True,2.6718224914837236,0.6783146617565076,0.5855829173975746,0.7513275395668011,0.16574462216922647,16,16,1,1,,,,,,,,,,,,,,,,80,4,4.99255889000051
ex-all-all-def,participants_080-projects_a-weights_default,080,a,default,machado_k_rounds,False,True,2.50998101500106,0.6376659925438667,0.5855829173975746,0.7483147380952014,0.16273182069762682,16,16,1,1,,,,,,,,,,,,,,,,80,4,4.99255889000051
ex-all-all-def,participants_080-projects_a-weights_default,080,a,default,thesis_no_li,False,True,3.2517557390891483,0.8232329109221348,0.7478608452950558,0.9125644636926196,0.16470361839756376,16,16,1,1,,,,,,,,,,,,,,,,80,4,4.99255889000051
ex-all-all-def,participants_080-projects_a-weights_default,080,a,default,machado_k_rounds_li,False,True,3.37918409735191,0.8528533747452457,0.7843530701754385,0.9132706766917293,0.1289176065162908,16,16,1,1,,,,,,,,,,,,,,,,80,4,4.99255889000051
ex-all-all-def,participants_080-projects_b-weights_default,080,b,default,thesis,True,True,3.2771827515437373,0.8295799948904999,0.7359680052201838,0.900516917293233,0.16454891207304922,16,16,1,1,,,,,,,,,,,,,,,,80,4,6.077124793999246
ex-all-all-def,participants_080-projects_b-weights_default,080,b,default,random,False,True,1.4548521203591434,0.3792941876996318,0.25177277066545656,0.5010712924229918,0.2492985217575352,16,16,30,30,0.2595065970743636,0.8613536865229312,1.95672574278895,0.06572564320718556,0.22624921209483595,0.5092682217988411,0.07759763275233005,0.07288224717679107,0.4322295502149875,0.09605017640501318,0.34118139901034633,0.7170126995408478,0.11055058685070229,0.11820818024678395,0.5175952167979543,80,4,6.077124793999246
ex-all-all-def,participants_080-projects_b-weights_default,080,b,default,greedy_fit,False,True,2.4039725441381132,0.6066141426844347,0.5679181561016251,0.6578542625001281,0.08993610639850302,16,16,1,1,,,,,,,,,,,,,,,,80,4,6.077124793999246
ex-all-all-def,participants_080-projects_b-weights_default,080,b,default,machado_k_rounds,False,True,2.4697777322480405,0.6230654397119165,0.5679181561016251,0.6578542625001281,0.08993610639850302,16,16,1,1,,,,,,,,,,,,,,,,80,4,6.077124793999246
ex-all-all-def,participants_080-projects_b-weights_default,080,b,default,thesis_no_li,False,True,3.2063917206251578,0.8138993962435066,0.7003120901346647,0.8971355475301395,0.1968234573954748,16,16,1,1,,,,,,,,,,,,,,,,80,4,6.077124793999246
ex-all-all-def,participants_080-projects_b-weights_default,080,b,default,machado_k_rounds_li,False,True,3.267100721869171,0.8297958204919085,0.7359680052201838,0.9442982456140352,0.2083302403938514,16,16,1,1,,,,,,,,,,,,,,,,80,4,6.077124793999246
ex-all-all-def,participants_080-projects_c-weights_default,080,c,default,thesis,True,True,3.916949972093458,0.7946756815928029,0.684245951417004,0.9099596948992312,0.22571374348222728,19,19,1,1,,,,,,,,,,,,,,,,80,5,7.861542517997805
ex-all-all-def,participants_080-projects_c-weights_default,080,c,default,random,False,True,1.8800151960436449,0.39397113445554116,0.20880356389801766,0.5681654688342607,0.35936190493624304,19,19,30,30,0.2434166752017003,1.3777474262145213,2.411394617388563,0.04876420031527071,0.2931561860813258,0.49391320559909785,0.06565813722535915,0.10739792716813877,0.34559465786236404,0.0652133169108663,0.4539055866989443,0.7306384449487189,0.10878652082375306,0.1858187470361014,0.6202057601729752,80,5,7.861542517997805
ex-all-all-def,participants_080-projects_c-weights_default,080,c,default,greedy_fit,False,True,3.317399114766992,0.6781730482680163,0.5492501227923748,0.843114629084734,0.29386450629235916,19,19,1,1,,,,,,,,,,,,,,,,80,5,7.861542517997805
ex-all-all-def,participants_080-projects_c-weights_default,080,c,default,machado_k_rounds,False,True,3.3665627167470253,0.6882662908895435,0.5440396782819642,0.843114629084734,0.2990749508027698,19,19,1,1,,,,,,,,,,,,,,,,80,5,7.861542517997805
ex-all-all-def,participants_080-projects_c-weights_default,080,c,default,thesis_no_li,False,True,3.8173632312057157,0.7769318265818459,0.6407760880851757,0.9099596948992312,0.2691836068140555,19,19,1,1,,,,,,,,,,,,,,,,80,5,7.861542517997805
ex-all-all-def,participants_080-projects_c-weights_default,080,c,default,machado_k_rounds_li,False,True,3.9177587983736926,0.7948374468488499,0.684245951417004,0.9099596948992312,0.22571374348222728,19,19,1,1,,,,,,,,,,,,,,,,80,5,7.861542517997805
ex-all-all-def,participants_080-projects_d-weights_default,080,d,default,thesis,True,True,4.678218247774307,0.7889468303407344,0.6767177618143683,0.8985686988947659,0.2218509370803976,24,24,1,1,,,,,,,,,,,,,,,,80,6,17.03808071399908
ex-all-all-def,participants_080-projects_d-weights_default,080,d,default,random,False,True,2.268295659388397,0.3910585877704998,0.23455600449176706,0.5467794734301737,0.31222346893840663,24,24,30,30,0.24138540005135858,1.8221371367324257,2.8319731864467483,0.03998148242769399,0.3066689770228675,0.48621451663526527,0.06774269173336951,0.09747745906427258,0.365347852463402,0.07416264726392525,0.3513101503400683,0.744658019122097,0.11297857031345011,0.07150690161911782,0.5957002186519735,80,6,17.03808071399908
ex-all-all-def,participants_080-projects_d-weights_default,080,d,default,greedy_fit,False,True,3.621349505420258,0.6117063675910425,0.5279314412145863,0.7234862417185731,0.19555480050398677,24,24,1,1,,,,,,,,,,,,,,,,80,6,17.03808071399908
ex-all-all-def,participants_080-projects_d-weights_default,080,d,default,machado_k_rounds,False,True,3.748408549719757,0.6328828749742922,0.5279314412145863,0.7234862417185731,0.19555480050398677,24,24,1,1,,,,,,,,,,,,,,,,80,6,17.03808071399908
ex-all-all-def,participants_080-projects_d-weights_default,080,d,default,thesis_no_li,False,True,4.510000402514929,0.7600007620299234,0.6539515772826221,0.8539682559410703,0.2000166786584482,24,24,1,1,,,,,,,,,,,,,,,,80,6,17.03808071399908
ex-all-all-def,participants_080-projects_d-weights_default,080,d,default,machado_k_rounds_li,False,True,4.602355493065807,0.7745632614171389,0.6790805717775044,0.8591768735256091,0.18009630174810476,24,24,1,1,,,,,,,,,,,,,,,,80,6,17.03808071399908
ex-all-all-def,participants_080-projects_e-weights_default,080,e,default,thesis,True,True,6.17515310004087,0.7790432526792994,0.6748507433715436,0.9036224289456456,0.228771685574102,34,34,1,1,,,,,,,,,,,,,,,,80,8,47.154970825999044
ex-all-all-def,participants_080-projects_e-weights_default,080,e,default,random,False,True,3.174336007043528,0.405879254573235,0.26858799244202236,0.5593801106114297,0.29079211816940725,34,34,30,30,0.266548371369644,2.71384415774082,3.8570992542628844,0.032997907127986933,0.34736581711995757,0.49299147615856903,0.05410089313516673,0.13518437018919213,0.3599131566343441,0.05003032141803629,0.4697032828512887,0.6498629963186717,0.07602571146894231,0.16289578086398387,0.4843653558450867,80,8,47.154970825999044
ex-all-all-def,participants_080-projects_e-weights_default,080,e,default,greedy_fit,False,True,4.744197936663972,0.6017090231996752,0.48730724432475536,0.7652042400584743,0.27789699573371895,34,34,1,1,,,,,,,,,,,,,,,,80,8,47.154970825999044
ex-all-all-def,participants_080-projects_e-weights_default,080,e,default,machado_k_rounds,False,True,4.457280901939421,0.568099582318517,0.41514121362361517,0.7652042400584743,0.35006302643485915,34,34,1,1,,,,,,,,,,,,,,,,80,8,47.154970825999044
ex-all-all-def,participants_080-projects_e-weights_default,080,e,default,thesis_no_li,False,True,5.83094239205383,0.7361090865037192,0.6270086201269592,0.8587298200306565,0.23172119990369722,34,34,1,1,,,,,,,,,,,,,,,,80,8,47.154970825999044
ex-all-all-def,participants_080-projects_e-weights_default,080,e,default,machado_k_rounds_li,False,True,6.115340489443656,0.7704083489314116,0.6748507433715436,0.8665559514020914,0.1917052080305478,34,34,1,1,,,,,,,,,,,,,,,,80,8,47.154970825999044
ex-all-all-def,participants_120-projects_a-weights_default,120,a,default,thesis,True,True,3.406864128451368,0.8594715523112774,0.8002673924695294,0.9243557156444965,0.1240883231749671,16,16,1,1,,,,,,,,,,,,,,,,120,4,9.971246917995813
ex-all-all-def,participants_120-projects_a-weights_default,120,a,default,random,False,True,1.5260850719701895,0.39474333955665963,0.29195063950024647,0.5035037845260428,0.2115531450257964,16,16,30,30,0.1728613787085506,1.1640307296669143,1.8811950736137164,0.043990943564601356,0.3108459887399962,0.4890558737629128,0.062080948745702906,0.1614441580886286,0.43663096907932797,0.08155077550418173,0.386783525811292,0.7661419100933835,0.09947621628397828,0.054982370933217894,0.5141719584837796,120,4,9.971246917995813
ex-all-all-def,participants_120-projects_a-weights_default,120,a,default,greedy_fit,False,True,2.7588436585543734,0.6970738076854102,0.6292631248606767,0.7470694136097454,0.11780628874906873,16,16,1,1,,,,,,,,,,,,,,,,120,4,9.971246917995813
ex-all-all-def,participants_120-projects_a-weights_default,120,a,default,machado_k_rounds,False,True,2.4213690113868434,0.6102561489352534,0.5736227547718582,0.6522450921885391,0.0786223374166809,16,16,1,1,,,,,,,,,,,,,,,,120,4,9.971246917995813
ex-all-all-def,participants_120-projects_a-weights_default,120,a,default,thesis_no_li,False,True,3.2578152922569643,0.825328831681976,0.749251021042294,0.9232511589260529,0.1740001378837589,16,16,1,1,,,,,,,,,,,,,,,,120,4,9.971246917995813
ex-all-all-def,participants_120-projects_a-weights_default,120,a,default,machado_k_rounds_li,False,True,3.375894334548832,0.8503004575090436,0.7988245516463333,0.9000545335957034,0.10122998194937016,16,16,1,1,,,,,,,,,,,,,,,,120,4,9.971246917995813
ex-all-all-def,participants_120-projects_b-weights_default,120,b,default,thesis,True,True,3.4847293273779423,0.8790573002369376,0.8205752759797478,0.9465747702589808,0.12599949427923307,16,16,1,1,,,,,,,,,,,,,,,,120,4,11.511955266001678
ex-all-all-def,participants_120-projects_b-weights_default,120,b,default,random,False,True,1.4555718204256312,0.3815689974513965,0.25070662470977123,0.53352330222959,0.2828166775198188,16,16,30,30,0.24639234309825325,0.792696624049595,1.8982391040428117,0.060065854800966836,0.20938143227383121,0.4866436498739101,0.08273216681261561,0.12323519563287687,0.3813678111845911,0.09232775632990449,0.32647120231480375,0.7234880507109921,0.13290519062465053,0.06854820797384858,0.5327258651366097,120,4,11.511955266001678
ex-all-all-def,participants_120-projects_b-weights_default,120,b,default,greedy_fit,False,True,2.6442902284371117,0.6684241032710158,0.621583046847699,0.7392077854355044,0.11762473858780531,16,16,1,1,,,,,,,,,,,,,,,,120,4,11.511955266001678
ex-all-all-def,participants_120-projects_b-weights_default,120,b,default,machado_k_rounds,False,True,2.6442902284371117,0.6684241032710158,0.621583046847699,0.7392077854355044,0.11762473858780531,16,16,1,1,,,,,,,,,,,,,,,,120,4,11.511955266001678
ex-all-all-def,participants_120-projects_b-weights_default,120,b,default,thesis_no_li,False,True,3.410391655095349,0.8579320072411453,0.8117900520532099,0.8971355475301395,0.0853454954769296,16,16,1,1,,,,,,,,,,,,,,,,120,4,11.511955266001678
ex-all-all-def,participants_120-projects_b-weights_default,120,b,default,machado_k_rounds_li,False,True,3.4930864384934432,0.8812096197049213,0.8195666089540139,0.9465747702589808,0.12700816130496695,16,16,1,1,,,,,,,,,,,,,,,,120,4,11.511955266001678
ex-all-all-def,participants_120-projects_c-weights_default,120,c,default,thesis,True,True,4.038546404471648,0.8179471125796897,0.7052030611920301,0.9099596948992312,0.2047566337072011,19,19,1,1,,,,,,,,,,,,,,,,120,5,14.061675702001594
ex-all-all-def,participants_120-projects_c-weights_default,120,c,default,random,False,True,1.8372154264939151,0.3843740473503632,0.22260492976437288,0.5612241707959759,0.338619241031603,19,19,30,30,0.3347630955869509,1.3566909607249347,2.581565787214602,0.06505274481102569,0.28913982826961176,0.5275976168162704,0.09024374628210692,0.07039753329417743,0.39470817758476506,0.07675994775330078,0.4037245299359144,0.7079248203348936,0.11136975254976055,0.13820549475378352,0.5785607094178691,120,5,14.061675702001594
ex-all-all-def,participants_120-projects_c-weights_default,120,c,default,greedy_fit,False,True,3.2846516977632305,0.67650979283193,0.4482951312503981,0.8398841968360748,0.39158906558567674,19,19,1,1,,,,,,,,,,,,,,,,120,5,14.061675702001594
ex-all-all-def,participants_120-projects_c-weights_default,120,c,default,machado_k_rounds,False,True,3.2846516977632305,0.67650979283193,0.4482951312503981,0.8398841968360748,0.39158906558567674,19,19,1,1,,,,,,,,,,,,,,,,120,5,14.061675702001594
ex-all-all-def,participants_120-projects_c-weights_default,120,c,default,thesis_no_li,False,True,3.9437271259399838,0.7987617005231257,0.6999940508448734,0.9003195575474516,0.2003255067025782,19,19,1,1,,,,,,,,,,,,,,,,120,5,14.061675702001594
ex-all-all-def,participants_120-projects_c-weights_default,120,c,default,machado_k_rounds_li,False,True,4.038546404471648,0.8179471125796897,0.7052030611920301,0.9099596948992312,0.2047566337072011,19,19,1,1,,,,,,,,,,,,,,,,120,5,14.061675702001594
ex-all-all-def,participants_120-projects_d-weights_default,120,d,default,thesis,True,True,4.799654968072398,0.8086884448069935,0.6961827232375342,0.9060855263157894,0.20990280307825526,24,24,1,1,,,,,,,,,,,,,,,,120,6,23.139480214002106
ex-all-all-def,participants_120-projects_d-weights_default,120,d,default,random,False,True,2.242094819111658,0.3883899496510624,0.20433072128773033,0.5573102364665968,0.35297951517886655,24,24,30,30,0.3252152714811228,1.6771874019822508,3.232674814095197,0.0539900347704367,0.2913092489113161,0.5495223069062001,0.08060855988140729,0.08053919537895751,0.41171162361610913,0.0704862909818601,0.43228539339005845,0.7029201835613068,0.08661531212103842,0.15249778182501889,0.49928726419224256,120,6,23.139480214002106
ex-all-all-def,participants_120-projects_d-weights_default,120,d,default,greedy_fit,False,True,3.908096479274265,0.6613448536233902,0.5499938844039061,0.7898844542682119,0.2398905698643058,24,24,1,1,,,,,,,,,,,,,,,,120,6,23.139480214002106
ex-all-all-def,participants_120-projects_d-weights_default,120,d,default,machado_k_rounds,False,True,3.87571679457526,0.6561653040865976,0.5524488729871044,0.7975489927644037,0.24510011977729929,24,24,1,1,,,,,,,,,,,,,,,,120,6,23.139480214002106
ex-all-all-def,participants_120-projects_d-weights_default,120,d,default,thesis_no_li,False,True,4.714403899116159,0.7950733142571746,0.6807511044177574,0.9048950501253132,0.2241439457075558,24,24,1,1,,,,,,,,,,,,,,,,120,6,23.139480214002106
ex-all-all-def,participants_120-projects_d-weights_default,120,d,default,machado_k_rounds_li,False,True,4.727368162423741,0.7961304636253754,0.6961827232375342,0.8938412005515819,0.19765847731404773,24,24,1,1,,,,,,,,,,,,,,,,120,6,23.139480214002106
ex-all-all-def,participants_120-projects_e-weights_default,120,e,default,thesis,True,True,6.34038093315719,0.7988726069401321,0.6985425101214575,0.900942199576923,0.2023996894554655,34,34,1,1,,,,,,,,,,,,,,,,120,8,97.0657640190002
ex-all-all-def,participants_120-projects_e-weights_default,120,e,default,random,False,True,3.237141401410455,0.4158011807887866,0.23514670213139444,0.592218881730746,0.3570721795993515,34,34,30,30,0.32140531655174576,2.6814311471988437,3.7053914515909923,0.040448433259518544,0.34421483658033686,0.4770727795139656,0.0617757176011847,0.13678056531234611,0.3659603255836313,0.07694987141218584,0.4139262270791512,0.7459834949493711,0.09007032021706037,0.14078328444953736,0.5905435529994204,120,8,97.0657640190002
ex-all-all-def,participants_120-projects_e-weights_default,120,e,default,greedy_fit,False,True,4.714532652619094,0.6020230569461125,0.36630968813789266,0.7729168999371148,0.4066072117992221,34,34,1,1,,,,,,,,,,,,,,,,120,8,97.0657640190002
ex-all-all-def,participants_120-projects_e-weights_default,120,e,default,machado_k_rounds,False,True,4.819414153427616,0.6144087386130014,0.4269812668912591,0.8104042887968403,0.38342302190558125,34,34,1,1,,,,,,,,,,,,,,,,120,8,97.0657640190002
ex-all-all-def,participants_120-projects_e-weights_default,120,e,default,thesis_no_li,False,True,6.015487223841704,0.7597547525967822,0.6270086201269592,0.8772118078571753,0.2502031877302161,34,34,1,1,,,,,,,,,,,,,,,,120,8,97.0657640190002
ex-all-all-def,participants_120-projects_e-weights_default,120,e,default,machado_k_rounds_li,False,True,6.362954303273997,0.8016769271347503,0.6990977443609023,0.900942199576923,0.20184445521602068,34,34,1,1,,,,,,,,,,,,,,,,120,8,97.0657640190002
ex-all-all-def,participants_240-projects_a-weights_default,240,a,default,thesis,True,True,3.576840939881124,0.9016575561323463,0.8226315789473685,0.9417887175404137,0.11915713859304522,16,16,1,1,,,,,,,,,,,,,,,,240,4,25.68476738100071
ex-all-all-def,participants_240-projects_a-weights_default,240,a,default,random,False,True,1.6874481463246607,0.4385915626172516,0.30731524840936664,0.574987664986749,0.26767241657738244,16,16,30,30,0.21549269327442566,1.275465249803128,2.0829146674656265,0.056099047371714984,0.3273861834342963,0.5477624866894921,0.061303770163730335,0.1859744498273431,0.42508252664412144,0.09074801360180033,0.4161201847463421,0.7605024956054205,0.1064137165771632,0.08313380348202032,0.4678426605644268,240,4,25.68476738100071
ex-all-all-def,participants_240-projects_a-weights_default,240,a,default,greedy_fit,False,True,2.856796519306361,0.7206895089128811,0.651010636017216,0.7548567013978695,0.10384606538065355,16,16,1,1,,,,,,,,,,,,,,,,240,4,25.68476738100071
ex-all-all-def,participants_240-projects_a-weights_default,240,a,default,machado_k_rounds,False,True,2.856796519306361,0.7206895089128811,0.651010636017216,0.7548567013978695,0.10384606538065355,16,16,1,1,,,,,,,,,,,,,,,,240,4,25.68476738100071
ex-all-all-def,participants_240-projects_a-weights_default,240,a,default,thesis_no_li,False,True,3.451965736937991,0.870712404085528,0.811806261400063,0.9353417790165461,0.12353551761648318,16,16,1,1,,,,,,,,,,,,,,,,240,4,25.68476738100071
ex-all-all-def,participants_240-projects_a-weights_default,240,a,default,machado_k_rounds_li,False,True,3.650658833035745,0.9159079377081326,0.8898970463532705,0.9417887175404137,0.05189167118714322,16,16,1,1,,,,,,,,,,,,,,,,240,4,25.68476738100071
ex-all-all-def,participants_240-projects_b-weights_default,240,b,default,thesis,True,True,3.5805882855196,0.899882020732448,0.8680094381352862,0.9437686277760547,0.07575918964076855,16,16,1,1,,,,,,,,,,,,,,,,240,4,24.57106223699884
ex-all-all-def,participants_240-projects_b-weights_default,240,b,default,random,False,True,1.648832582117091,0.42875055384532174,0.303572341337132,0.5682508743939159,0.26467853305678385,16,16,30,30,0.22068199544592815,1.1790989137804229,1.983241250592591,0.055813957199059724,0.3078229915672742,0.5136490896348639,0.07459233711479292,0.18751219241044625,0.4686194348885387,0.0965858600503587,0.40204635501054864,0.7752845639165771,0.11792242007705654,0.050901791527552864,0.48165418112215674,240,4,24.57106223699884
ex-all-all-def,participants_240-projects_b-weights_default,240,b,default,greedy_fit,False,True,2.714405284565131,0.6804317855694688,0.6671684564275798,0.6964558872785561,0.029287430850976293,16,16,1,1,,,,,,,,,,,,,,,,240,4,24.57106223699884
ex-all-all-def,participants_240-projects_b-weights_default,240,b,default,machado_k_rounds,False,True,2.714405284565131,0.6804317855694688,0.6671684564275798,0.6964558872785561,0.029287430850976293,16,16,1,1,,,,,,,,,,,,,,,,240,4,24.57106223699884
ex-all-all-def,participants_240-projects_b-weights_default,240,b,default,thesis_no_li,False,True,3.5252838689669357,0.8869802978804963,0.8512134502923976,0.9417627405125956,0.09054929022019798,16,16,1,1,,,,,,,,,,,,,,,,240,4,24.57106223699884
ex-all-all-def,participants_240-projects_b-weights_default,240,b,default,machado_k_rounds_li,False,True,3.58176900721019,0.9002755946293114,0.8680094381352862,0.9453429233635083,0.07733348522822214,16,16,1,1,,,,,,,,,,,,,,,,240,4,24.57106223699884
ex-all-all-def,participants_240-projects_c-weights_default,240,c,default,thesis,True,True,4.131981061275599,0.837156354773041,0.7159585231264114,0.9311613734848312,0.2152028503584198,19,19,1,1,,,,,,,,,,,,,,,,240,5,37.554634772995996
ex-all-all-def,participants_240-projects_c-weights_default,240,c,default,random,False,True,1.8951024290503098,0.3945347980938234,0.24197203538881976,0.5522582810640494,0.3102862456752296,19,19,30,30,0.25637647181541495,1.4005597377544718,2.515171794277646,0.051102617330516284,0.2988222546865785,0.5201854171215482,0.06930020266983151,0.09032291910421436,0.3611010069773701,0.07434470167184883,0.42432729160702143,0.7278874269005847,0.08567054122178921,0.13099415204678366,0.4873869958979252,240,5,37.554634772995996
ex-all-all-def,participants_240-projects_c-weights_default,240,c,default,greedy_fit,False,True,3.2035284711902485,0.6590933741188242,0.46141862131965566,0.829172218935144,0.36775359761548837,19,19,1,1,,,,,,,,,,,,,,,,240,5,37.554634772995996
ex-all-all-def,participants_240-projects_c-weights_default,240,c,default,machado_k_rounds,False,True,2.9898534493903774,0.6161425440852263,0.4594175234623577,0.8228546076053753,0.3634370841430176,19,19,1,1,,,,,,,,,,,,,,,,240,5,37.554634772995996
ex-all-all-def,participants_240-projects_c-weights_default,240,c,default,thesis_no_li,False,True,3.9262057644921544,0.7941481858384379,0.7113751234606088,0.8895157822607509,0.17814065880014207,19,19,1,1,,,,,,,,,,,,,,,,240,5,37.554634772995996
ex-all-all-def,participants_240-projects_c-weights_default,240,c,default,machado_k_rounds_li,False,True,4.13784132568618,0.8380549635603689,0.7159585231264114,0.9256924915890676,0.20973396846265624,19,19,1,1,,,,,,,,,,,,,,,,240,5,37.554634772995996
ex-all-all-def,participants_240-projects_d-weights_default,240,d,default,thesis,True,True,4.994122650695657,0.8419299381188382,0.7129672455549649,0.9427951576244532,0.22982791206948827,24,24,1,1,,,,,,,,,,,,,,,,240,6,82.04311576400141
ex-all-all-def,participants_240-projects_d-weights_default,240,d,default,random,False,True,2.3338969561024965,0.40265319091132395,0.23599513702370636,0.5640838944854958,0.3280887574617894,24,24,30,30,0.3238567088741861,1.5791814067219474,2.9639702441272715,0.05452320217877073,0.27544396098592344,0.5082635020515995,0.07049791717525242,0.11185800598349124,0.39166721429192175,0.0786251195080223,0.40561837789194327,0.734110287021222,0.08326299991549974,0.1610349063805166,0.48506686828761303,240,6,82.04311576400141
ex-all-all-def,participants_240-projects_d-weights_default,240,d,default,greedy_fit,False,True,4.160675139720144,0.7013941252791566,0.5666099799017639,0.7573684277209469,0.19075844781918305,24,24,1,1,,,,,,,,,,,,,,,,240,6,82.04311576400141
ex-all-all-def,participants_240-projects_d-weights_default,240,d,default,machado_k_rounds,False,True,4.0990417330484705,0.6911218908338777,0.5666099799017639,0.7573684277209469,0.19075844781918305,24,24,1,1,,,,,,,,,,,,,,,,240,6,82.04311576400141
ex-all-all-def,participants_240-projects_d-weights_default,240,d,default,thesis_no_li,False,True,4.817864925798832,0.8136274899937017,0.6438240487735964,0.8994241054271049,0.2556000566535085,24,24,1,1,,,,,,,,,,,,,,,,240,6,82.04311576400141
ex-all-all-def,participants_240-projects_d-weights_default,240,d,default,machado_k_rounds_li,False,True,4.976282499310636,0.8393282034758938,0.6997385330519252,0.9384854192308328,0.2387468861789076,24,24,1,1,,,,,,,,,,,,,,,,240,6,82.04311576400141
ex-all-all-def,participants_240-projects_e-weights_default,240,e,default,thesis,True,True,6.531043677854518,0.8220483244190621,0.7224034834714524,0.9037751534633685,0.181371669991916,34,34,1,1,,,,,,,,,,,,,,,,240,8,208.36979321699982
ex-all-all-def,participants_240-projects_e-weights_default,240,e,default,random,False,True,3.2665676781636463,0.4203034017001218,0.24633951895801945,0.6297776607073323,0.3834381417493129,34,34,30,30,0.3969964953932985,2.487457604289638,4.057150644913992,0.049723113476825315,0.3245323712085032,0.5198261255015455,0.0595207502742121,0.10420383619283224,0.39646362123668744,0.050363766747634306,0.5038424592751614,0.7180108159574414,0.07566668863975619,0.20324663571298296,0.5390364978888929,240,8,208.36979321699982
ex-all-all-def,participants_240-projects_e-weights_default,240,e,default,greedy_fit,False,True,5.445004978445399,0.6906183171644141,0.4972433499315888,0.8170095854112426,0.31976623547965377,34,34,1,1,,,,,,,,,,,,,,,,240,8,208.36979321699982
ex-all-all-def,participants_240-projects_e-weights_default,240,e,default,machado_k_rounds,False,True,5.23058307769806,0.6591080263973108,0.5727210779038879,0.741845611825596,0.16912453392170812,34,34,1,1,,,,,,,,,,,,,,,,240,8,208.36979321699982
ex-all-all-def,participants_240-projects_e-weights_default,240,e,default,thesis_no_li,False,True,6.300999906752953,0.7936297397634219,0.7009941520467836,0.8931461974644711,0.1921520454176875,34,34,1,1,,,,,,,,,,,,,,,,240,8,208.36979321699982
ex-all-all-def,participants_240-projects_e-weights_default,240,e,default,machado_k_rounds_li,False,True,6.5233012828007215,0.820977158478752,0.725701010741574,0.9037649508587523,0.1780639401171783,34,34,1,1,,,,,,,,,,,,,,,,240,8,208.36979321699982
ex-all-all-def,participants_480-projects_a-weights_default,480,a,default,thesis,True,True,3.674977989878138,0.9219314268851883,0.896842105263158,0.9478329759136195,0.050990870650461484,16,16,1,1,,,,,,,,,,,,,,,,480,4,44.71635312899889
ex-all-all-def,participants_480-projects_a-weights_default,480,a,default,random,False,True,1.5106100052254166,0.39510647117487885,0.2591275677186142,0.5383910856150093,0.27926351789639503,16,16,30,30,0.21491505320217108,1.0597888125886576,1.9519139717022504,0.053973267264838344,0.27260709274710554,0.49523422544589224,0.07718839913429558,0.15054885486717332,0.42318658048112695,0.09943674312854038,0.31451366905885125,0.7606374913817366,0.13426067926724508,0.08594525543199627,0.6018049978306003,480,4,44.71635312899889
ex-all-all-def,participants_480-projects_a-weights_default,480,a,default,greedy_fit,False,True,2.9435308442312094,0.7415995589227843,0.7076298211370605,0.7990993869767713,0.09146956583971078,16,16,1,1,,,,,,,,,,,,,,,,480,4,44.71635312899889
ex-all-all-def,participants_480-projects_a-weights_default,480,a,default,machado_k_rounds,False,True,2.9435308442312094,0.7415995589227843,0.7076298211370605,0.7990993869767713,0.09146956583971078,16,16,1,1,,,,,,,,,,,,,,,,480,4,44.71635312899889
ex-all-all-def,participants_480-projects_a-weights_default,480,a,default,thesis_no_li,False,True,3.5485816091787306,0.8952201913337969,0.811806261400063,0.9410028860258918,0.12919662462582882,16,16,1,1,,,,,,,,,,,,,,,,480,4,44.71635312899889
ex-all-all-def,participants_480-projects_a-weights_default,480,a,default,machado_k_rounds_li,False,True,3.684803962118364,0.9244809445677366,0.9000519818063678,0.9525312464166953,0.05247926461032748,16,16,1,1,,,,,,,,,,,,,,,,480,4,44.71635312899889
ex-all-all-def,participants_480-projects_b-weights_default,480,b,default,thesis,True,True,3.665495595538374,0.9211455317884222,0.8794581277640489,0.9558042542253069,0.07634612646125805,16,16,1,1,,,,,,,,,,,,,,,,480,4,50.17586355499952
ex-all-all-def,participants_480-projects_b-weights_default,480,b,default,random,False,True,1.4753812983430565,0.38397708520996654,0.2631979989959084,0.5053061689831472,0.24210816998723872,16,16,30,30,0.3035697756104429,0.7247112441324641,2.043842909254248,0.07778874460296771,0.18574951151857963,0.5301026464985238,0.0848701768043735,0.08701302869978728,0.4240927429618243,0.1089182129149722,0.2332945570889946,0.7204794684723681,0.11150239231198135,0.07314720776741768,0.5196218875198821,480,4,50.17586355499952
ex-all-all-def,participants_480-projects_b-weights_default,480,b,default,greedy_fit,False,True,3.0080931699542646,0.7572799884019085,0.723102818993777,0.807209953607255,0.08410713461347796,16,16,1,1,,,,,,,,,,,,,,,,480,4,50.17586355499952
ex-all-all-def,participants_480-projects_b-weights_default,480,b,default,machado_k_rounds,False,True,3.0080931699542646,0.7572799884019085,0.723102818993777,0.807209953607255,0.08410713461347796,16,16,1,1,,,,,,,,,,,,,,,,480,4,50.17586355499952
ex-all-all-def,participants_480-projects_b-weights_default,480,b,default,thesis_no_li,False,True,3.5868214805339167,0.9020866711342538,0.8482024195837086,0.9343032355961018,0.08610081601239328,16,16,1,1,,,,,,,,,,,,,,,,480,4,50.17586355499952
ex-all-all-def,participants_480-projects_b-weights_default,480,b,default,machado_k_rounds_li,False,True,3.6430970237806912,0.9163142767363741,0.8671639215660853,0.9558042542253069,0.08864033265922155,16,16,1,1,,,,,,,,,,,,,,,,480,4,50.17586355499952
ex-all-all-def,participants_480-projects_c-weights_default,480,c,default,thesis,True,True,4.18828019719598,0.8479705899615886,0.7378308713856823,0.9441218818335323,0.20629101044785003,19,19,1,1,,,,,,,,,,,,,,,,480,5,84.30751219099875
ex-all-all-def,participants_480-projects_c-weights_default,480,c,default,random,False,True,1.9308628506095356,0.4026295345392607,0.23303453963821588,0.5621738279852885,0.32913928834707257,19,19,30,30,0.2711651356555714,1.4569370135254818,2.57156264159135,0.055054061526610916,0.30094929577235524,0.54849340209179,0.0674159707593591,0.10322467889788547,0.3722597436718441,0.08093000028058286,0.43401357479188074,0.8622952968424265,0.11226102451881165,0.15066512711558178,0.683617475470401,480,5,84.30751219099875
ex-all-all-def,participants_480-projects_c-weights_default,480,c,default,greedy_fit,False,True,3.1674935480113224,0.6500716055730075,0.5113262190687432,0.8427841384836043,0.33145791941486114,19,19,1,1,,,,,,,,,,,,,,,,480,5,84.30751219099875
ex-all-all-def,participants_480-projects_c-weights_default,480,c,default,machado_k_rounds,False,True,3.1509346731257253,0.6423849613156651,0.5113262190687432,0.7552867528791446,0.2439605338104014,19,19,1,1,,,,,,,,,,,,,,,,480,5,84.30751219099875
ex-all-all-def,participants_480-projects_c-weights_default,480,c,default,thesis_no_li,False,True,4.076715896129289,0.8244472610647587,0.737197343120575,0.9192789798985956,0.18208163677802058,19,19,1,1,,,,,,,,,,,,,,,,480,5,84.30751219099875
ex-all-all-def,participants_480-projects_c-weights_default,480,c,default,machado_k_rounds_li,False,True,4.17800831103263,0.8460663186468163,0.7362850624188207,0.9455781912246243,0.20929312880580353,19,19,1,1,,,,,,,,,,,,,,,,480,5,84.30751219099875
ex-all-all-def,participants_480-projects_d-weights_default,480,d,default,thesis,True,True,5.124439657072862,0.8614234086196414,0.7682587466293469,0.9446619252092936,0.1764031785799467,24,24,1,1,,,,,,,,,,,,,,,,480,6,159.9161737009963
ex-all-all-def,participants_480-projects_d-weights_default,480,d,default,random,False,True,2.256530008066953,0.39025019761776014,0.22740400572916813,0.5672887162875988,0.33988471055843067,24,24,30,30,0.341971033851544,1.491631680918838,2.949592038822006,0.05734409083811143,0.270888088653789,0.5116469497835529,0.07019985459903746,0.10297358937698811,0.374955254328034,0.09616732522049634,0.3762740189053659,0.7635093400100004,0.10627843672907854,0.08845540691156412,0.5731673790377221,480,6,159.9161737009963
ex-all-all-def,participants_480-projects_d-weights_default,480,d,default,greedy_fit,False,True,4.209412466955872,0.7091955763951078,0.646967132161211,0.8300110978203082,0.1830439656590972,24,24,1,1,,,,,,,,,,,,,,,,480,6,159.9161737009963
ex-all-all-def,participants_480-projects_d-weights_default,480,d,default,machado_k_rounds,False,True,4.117457880507679,0.6917770390073004,0.6448409028436289,0.7776583169881226,0.13281741414449366,24,24,1,1,,,,,,,,,,,,,,,,480,6,159.9161737009963
ex-all-all-def,participants_480-projects_d-weights_default,480,d,default,thesis_no_li,False,True,5.082107899033929,0.8534169114073419,0.7682587466293469,0.9218330242698373,0.15357427764049036,24,24,1,1,,,,,,,,,,,,,,,,480,6,159.9161737009963
ex-all-all-def,participants_480-projects_d-weights_default,480,d,default,machado_k_rounds_li,False,True,5.148447122869195,0.8652335409701255,0.7728454334030618,0.9446619252092936,0.17181649180623182,24,24,1,1,,,,,,,,,,,,,,,,480,6,159.9161737009963
ex-all-all-def,participants_480-projects_e-weights_default,480,e,default,thesis,True,True,6.629290306379799,0.8351193661513441,0.7009941520467836,0.9076526433705968,0.2066584913238132,34,34,1,1,,,,,,,,,,,,,,,,480,8,436.1983783350006
ex-all-all-def,participants_480-projects_e-weights_default,480,e,default,random,False,True,3.255358268707964,0.41768172559343425,0.24649339991042443,0.5908755440684643,0.3443821441580399,34,34,30,30,0.33469829482813523,2.645225474868278,4.011331201926438,0.04138175699607495,0.34095505128684145,0.5116372685490356,0.06403024733858996,0.14534344074907427,0.38955025229200657,0.06335786899778288,0.4805971357775128,0.7092649474294006,0.06399620980288076,0.21644383501708808,0.4709115351814481,480,8,436.1983783350006
ex-all-all-def,participants_480-projects_e-weights_default,480,e,default,greedy_fit,False,True,5.43768487318035,0.6877278939205302,0.5828862524851871,0.8394393652207538,0.2565531127355667,34,34,1,1,,,,,,,,,,,,,,,,480,8,436.1983783350006
ex-all-all-def,participants_480-projects_e-weights_default,480,e,default,machado_k_rounds,False,True,5.338378108783833,0.671757077981853,0.5828862524851871,0.7256003127691516,0.1427140602839645,34,34,1,1,,,,,,,,,,,,,,,,480,8,436.1983783350006
ex-all-all-def,participants_480-projects_e-weights_default,480,e,default,thesis_no_li,False,True,6.5142423515928805,0.8201686796366895,0.7009941520467836,0.8894224940493263,0.18842834200254266,34,34,1,1,,,,,,,,,,,,,,,,480,8,436.1983783350006
ex-all-all-def,participants_480-projects_e-weights_default,480,e,default,machado_k_rounds_li,False,True,6.69263056558755,0.8412363860272069,0.7712447786131995,0.9202868691336183,0.14904209052041884,34,34,1,1,,,,,,,,,,,,,,,,480,8,436.1983783350006
ex-all-all-def,participants_1200-projects_a-weights_default,1200,a,default,thesis,True,True,3.6966326732354413,0.9283373632262215,0.8891782029596474,0.9560453216374268,0.06686711867777939,16,16,1,1,,,,,,,,,,,,,,,,1200,4,109.28226829399864
ex-all-all-def,participants_1200-projects_a-weights_default,1200,a,default,random,False,True,1.640154628443998,0.4266008103046762,0.30237224414128566,0.5673666952401129,0.2649944510988272,16,16,30,30,0.25855740152263196,1.1042856950578679,2.3457145846104126,0.06479968028253622,0.2860813301452416,0.5990010851846659,0.08601401468372026,0.12781505946423213,0.5306233960508219,0.10160566146174516,0.37709168622611583,0.7710601885838894,0.1121241282867014,0.10336610950985076,0.630001108558062,1200,4,109.28226829399864
ex-all-all-def,participants_1200-projects_a-weights_default,1200,a,default,greedy_fit,False,True,2.9436451083177304,0.7409361648656324,0.7039405032611977,0.7843387078403953,0.08039820457919755,16,16,1,1,,,,,,,,,,,,,,,,1200,4,109.28226829399864
ex-all-all-def,participants_1200-projects_a-weights_default,1200,a,default,machado_k_rounds,False,True,2.9436451083177304,0.7409361648656324,0.7039405032611977,0.7843387078403953,0.08039820457919755,16,16,1,1,,,,,,,,,,,,,,,,1200,4,109.28226829399864
ex-all-all-def,participants_1200-projects_a-weights_default,1200,a,default,thesis_no_li,False,True,3.5623519840079485,0.8983964182340352,0.8245490328385066,0.9494837885512742,0.12493475571276769,16,16,1,1,,,,,,,,,,,,,,,,1200,4,109.28226829399864
ex-all-all-def,participants_1200-projects_a-weights_default,1200,a,default,machado_k_rounds_li,False,True,3.7129145682533573,0.9314884825644765,0.9038878736192333,0.9560453216374268,0.05215744801819355,16,16,1,1,,,,,,,,,,,,,,,,1200,4,109.28226829399864
ex-all-all-def,participants_1200-projects_b-weights_default,1200,b,default,thesis,True,True,3.7202661763333262,0.9327503626378482,0.9114051855003319,0.9543462823725981,0.042941096872266216,16,16,1,1,,,,,,,,,,,,,,,,1200,4,147.90354697600014
ex-all-all-def,participants_1200-projects_b-weights_default,1200,b,default,random,False,True,1.5667207867681043,0.40783984539239554,0.2800143652254215,0.5385687444313327,0.25855437920591123,16,16,30,30,0.18522829899901885,1.157677956448897,1.85616530789018,0.04844246437893039,0.3056258417183191,0.4865206770477283,0.06381729245700528,0.13484852540698322,0.41521605930753674,0.08672133348802921,0.35926283229648265,0.7238988569909622,0.10835790356314952,0.08132055526502885,0.4845298780673304,1200,4,147.90354697600014
ex-all-all-def,participants_1200-projects_b-weights_default,1200,b,default,greedy_fit,False,True,2.972531630127011,0.7510363095807087,0.6719551867269675,0.798409619510262,0.1264544327832945,16,16,1,1,,,,,,,,,,,,,,,,1200,4,147.90354697600014
ex-all-all-def,participants_1200-projects_b-weights_default,1200,b,default,machado_k_rounds,False,True,2.972531630127011,0.7510363095807087,0.6719551867269675,0.798409619510262,0.1264544327832945,16,16,1,1,,,,,,,,,,,,,,,,1200,4,147.90354697600014
ex-all-all-def,participants_1200-projects_b-weights_default,1200,b,default,thesis_no_li,False,True,3.6762429013214732,0.9219910981373859,0.905219298245614,0.9521052631578948,0.04688596491228081,16,16,1,1,,,,,,,,,,,,,,,,1200,4,147.90354697600014
ex-all-all-def,participants_1200-projects_b-weights_default,1200,b,default,machado_k_rounds_li,False,True,3.7366444751048786,0.9363135702173224,0.9199070593149541,0.9543462823725981,0.03443922305764402,16,16,1,1,,,,,,,,,,,,,,,,1200,4,147.90354697600014
ex-all-all-def,participants_1200-projects_c-weights_default,1200,c,default,thesis,True,True,4.223552656967271,0.8545337428670596,0.7513938338493291,0.94785806332144,0.19646422947211084,19,19,1,1,,,,,,,,,,,,,,,,1200,5,212.3283057589997
ex-all-all-def,participants_1200-projects_c-weights_default,1200,c,default,random,False,True,1.901374201486118,0.398296014563794,0.21887850415512952,0.5793019894865383,0.3604234853314088,19,19,30,30,0.28596182493627753,1.3917266756025841,2.631358969166999,0.05694609737647095,0.2922236914409542,0.5372448111790028,0.07219467197956216,0.10177899452265911,0.39504759195232236,0.08084499824876552,0.44533083192874,0.7245616875488597,0.10625077752948611,0.19905058100231782,0.5972207847052307,1200,5,212.3283057589997
ex-all-all-def,participants_1200-projects_c-weights_default,1200,c,default,greedy_fit,False,True,3.1405831534519346,0.639630252802354,0.5250143106398028,0.7552867528791446,0.23027244223934185,19,19,1,1,,,,,,,,,,,,,,,,1200,5,212.3283057589997
ex-all-all-def,participants_1200-projects_c-weights_default,1200,c,default,machado_k_rounds,False,True,3.1405831534519346,0.639630252802354,0.5250143106398028,0.7552867528791446,0.23027244223934185,19,19,1,1,,,,,,,,,,,,,,,,1200,5,212.3283057589997
ex-all-all-def,participants_1200-projects_c-weights_default,1200,c,default,thesis_no_li,False,True,4.160320348180649,0.8415557245707297,0.7488604845446949,0.9386935832366937,0.18983309869199883,19,19,1,1,,,,,,,,,,,,,,,,1200,5,212.3283057589997
ex-all-all-def,participants_1200-projects_c-weights_default,1200,c,default,machado_k_rounds_li,False,True,4.25330686718336,0.8607640796443439,0.7513938338493291,0.9534479580027688,0.2020541241534397,19,19,1,1,,,,,,,,,,,,,,,,1200,5,212.3283057589997
ex-all-all-def,participants_1200-projects_d-weights_default,1200,d,default,thesis,True,True,5.190445198077851,0.8727613076917062,0.7814099587203301,0.9659005510098776,0.18449059228954745,24,24,1,1,,,,,,,,,,,,,,,,1200,6,384.30608884999856
ex-all-all-def,participants_1200-projects_d-weights_default,1200,d,default,random,False,True,2.2711635812559594,0.3931397667784619,0.22891420522722186,0.5796142828864705,0.35070007765924865,24,24,30,30,0.2645875449673845,1.7652710265434064,2.7376940844937536,0.04446763766900688,0.3043388812701385,0.47162271853815263,0.06599300832027995,0.09845374901634593,0.3438300848232093,0.07047162744399364,0.4257725636825836,0.7484473901878413,0.09299296307405357,0.15007459979440596,0.5469934251408508,1200,6,384.30608884999856
ex-all-all-def,participants_1200-projects_d-weights_default,1200,d,default,greedy_fit,False,True,4.221742049714332,0.713181618314455,0.601359949801788,0.8307505904913799,0.22939064068959192,24,24,1,1,,,,,,,,,,,,,,,,1200,6,384.30608884999856
ex-all-all-def,participants_1200-projects_d-weights_default,1200,d,default,machado_k_rounds,False,True,4.263150812241648,0.7204577259362257,0.5923684169885542,0.8307505904913799,0.23838217350282564,24,24,1,1,,,,,,,,,,,,,,,,1200,6,384.30608884999856
ex-all-all-def,participants_1200-projects_d-weights_default,1200,d,default,thesis_no_li,False,True,5.148960761699179,0.8657480866281302,0.7814099587203301,0.9635209909987387,0.18211103227840852,24,24,1,1,,,,,,,,,,,,,,,,1200,6,384.30608884999856
ex-all-all-def,participants_1200-projects_d-weights_default,1200,d,default,machado_k_rounds_li,False,True,5.222383943160597,0.8780844318721641,0.7814099587203301,0.9659005510098776,0.18449059228954745,24,24,1,1,,,,,,,,,,,,,,,,1200,6,384.30608884999856
ex-all-all-def,participants_1200-projects_e-weights_default,1200,e,default,thesis,True,True,6.786152254759917,0.8526984104129373,0.7786695906432748,0.9204097048175995,0.14174011417432475,34,34,1,1,,,,,,,,,,,,,,,,1200,8,1214.783834119
ex-all-all-def,participants_1200-projects_e-weights_default,1200,e,default,random,False,True,3.237262364245941,0.4152481805733327,0.24543710285414977,0.5843294242170323,0.3388923213628825,34,34,30,30,0.38079054124102535,2.607032627649037,4.0985339315721445,0.0485305950714118,0.3343021681213023,0.5258586723606584,0.056481603055175085,0.104242852320371,0.3689072410751294,0.08638097551179101,0.4424823441920006,0.7574741404314455,0.09375536618668295,0.1376733600124868,0.49612907731381917,1200,8,1214.783834119
ex-all-all-def,participants_1200-projects_e-weights_default,1200,e,default,greedy_fit,False,True,5.089476459174264,0.6437125611444564,0.5102486161771005,0.7511447361026475,0.24089611992554705,34,34,1,1,,,,,,,,,,,,,,,,1200,8,1214.783834119
ex-all-all-def,participants_1200-projects_e-weights_default,1200,e,default,machado_k_rounds,False,True,5.20163718539421,0.6551812896480864,0.5683980642747901,0.7276505914367142,0.15925252716192406,34,34,1,1,,,,,,,,,,,,,,,,1200,8,1214.783834119
ex-all-all-def,participants_1200-projects_e-weights_default,1200,e,default,thesis_no_li,False,True,6.608752653309926,0.8317295385833109,0.7286722804639335,0.9090069018901771,0.18033462142624357,34,34,1,1,,,,,,,,,,,,,,,,1200,8,1214.783834119
ex-all-all-def,participants_1200-projects_e-weights_default,1200,e,default,machado_k_rounds_li,False,True,6.822025831192276,0.8571826074669822,0.7786695906432748,0.9204097048175995,0.14174011417432475,34,34,1,1,,,,,,,,,,,,,,,,1200,8,1214.783834119
ex-all-all-def,participants_2400-projects_a-weights_default,2400,a,default,thesis,True,True,3.757472881343902,0.9431513452611935,0.9011467073480803,0.9616767061515681,0.06052999880348775,16,16,1,1,,,,,,,,,,,,,,,,2400,4,311.25674089899985
ex-all-all-def,participants_2400-projects_a-weights_default,2400,a,default,random,False,True,1.5872337077640841,0.41340896985403147,0.2841389194487534,0.5497476060569205,0.2656086866081671,16,16,30,30,0.22402408633099374,1.1516384202700043,1.9869237275442202,0.056246549619021584,0.3024418275972469,0.4996080738694262,0.08047825863394541,0.09300973260468856,0.4703253793616853,0.09359559876118075,0.358079164779442,0.7211896114052709,0.13361632884998564,0.046034271733937926,0.6281798788005823,2400,4,311.25674089899985
ex-all-all-def,participants_2400-projects_a-weights_default,2400,a,default,greedy_fit,False,True,2.9263601962954002,0.7352419747175689,0.6988335553529992,0.7572643656525004,0.05843081029950126,16,16,1,1,,,,,,,,,,,,,,,,2400,4,311.25674089899985
ex-all-all-def,participants_2400-projects_a-weights_default,2400,a,default,machado_k_rounds,False,True,2.9263601962954002,0.7352419747175689,0.6988335553529992,0.7572643656525004,0.05843081029950126,16,16,1,1,,,,,,,,,,,,,,,,2400,4,311.25674089899985
ex-all-all-def,participants_2400-projects_a-weights_default,2400,a,default,thesis_no_li,False,True,3.6726379591237537,0.9236740460992705,0.8638723620645817,0.9521052631578948,0.08823290109331305,16,16,1,1,,,,,,,,,,,,,,,,2400,4,311.25674089899985
ex-all-all-def,participants_2400-projects_a-weights_default,2400,a,default,machado_k_rounds_li,False,True,3.737419328241186,0.9379146825500451,0.9047190983155896,0.9616767061515681,0.056957607835978474,16,16,1,1,,,,,,,,,,,,,,,,2400,4,311.25674089899985
ex-all-all-def,participants_2400-projects_b-weights_default,2400,b,default,thesis,True,True,3.8305659935609624,0.9582099217503629,0.953443677065968,0.9625384508279244,0.009094773761956443,16,16,1,1,,,,,,,,,,,,,,,,2400,4,204.72392804800984
ex-all-all-def,participants_2400-projects_b-weights_default,2400,b,default,random,False,True,1.5944198994909542,0.41656686459087355,0.2824827347586686,0.5698729702488288,0.28739023549016024,16,16,30,30,0.19805241848057592,1.1815456373280462,1.9582909833257915,0.050073851213126366,0.3138374044195574,0.5163187291610877,0.07043046883354143,0.12115112603589209,0.3950952338375198,0.08406727026710979,0.4102358145262786,0.7383923027399467,0.10190330033288827,0.12629112060259112,0.543991974603286,2400,4,204.72392804800984
ex-all-all-def,participants_2400-projects_b-weights_default,2400,b,default,greedy_fit,False,True,2.9693350391414746,0.7512137486502133,0.6584419381787803,0.8005217600162942,0.1420798218375139,16,16,1,1,,,,,,,,,,,,,,,,2400,4,204.72392804800984
ex-all-all-def,participants_2400-projects_b-weights_default,2400,b,default,machado_k_rounds,False,True,2.9693350391414746,0.7512137486502133,0.6584419381787803,0.8005217600162942,0.1420798218375139,16,16,1,1,,,,,,,,,,,,,,,,2400,4,204.72392804800984
ex-all-all-def,participants_2400-projects_b-weights_default,2400,b,default,thesis_no_li,False,True,3.800070320384796,0.9513813243915806,0.9407185421018173,0.9625384508279244,0.021819908726107173,16,16,1,1,,,,,,,,,,,,,,,,2400,4,204.72392804800984
ex-all-all-def,participants_2400-projects_b-weights_default,2400,b,default,machado_k_rounds_li,False,True,3.808607092101712,0.9531014159329347,0.9440521614763405,0.959246447996448,0.015194286520107458,16,16,1,1,,,,,,,,,,,,,,,,2400,4,204.72392804800984
ex-all-all-def,participants_2400-projects_c-weights_default,2400,c,default,thesis,True,True,4.27269778620412,0.865081585821262,0.7513938338493291,0.9622344054580897,0.21084057160876057,19,19,1,1,,,,,,,,,,,,,,,,2400,5,530.6687726820019
ex-all-all-def,participants_2400-projects_c-weights_default,2400,c,default,random,False,True,1.906006675774384,0.3973232672317643,0.23630334354209684,0.5587419850798472,0.32243864153775026,19,19,30,30,0.26849544326356045,1.4269626902088248,2.382500276433418,0.053990588919337265,0.2990017694854531,0.48516265374341083,0.08000925932954162,0.10363039824822624,0.41374890155530464,0.09582000698553791,0.37652179839531313,0.7576009709446426,0.12150784244457012,0.11482523381776327,0.5591229260696815,2400,5,530.6687726820019
ex-all-all-def,participants_2400-projects_c-weights_default,2400,c,default,greedy_fit,False,True,3.328977588162875,0.6761960838864349,0.5916219802106477,0.7996333052878455,0.20801132507719777,19,19,1,1,,,,,,,,,,,,,,,,2400,5,530.6687726820019
ex-all-all-def,participants_2400-projects_c-weights_default,2400,c,default,machado_k_rounds,False,True,3.328977588162875,0.6761960838864349,0.5916219802106477,0.7996333052878455,0.20801132507719777,19,19,1,1,,,,,,,,,,,,,,,,2400,5,530.6687726820019
ex-all-all-def,participants_2400-projects_c-weights_default,2400,c,default,thesis_no_li,False,True,4.159811700757365,0.8422723096547257,0.7499832915622389,0.9561826816272923,0.2061993900650534,19,19,1,1,,,,,,,,,,,,,,,,2400,5,530.6687726820019
ex-all-all-def,participants_2400-projects_c-weights_default,2400,c,default,machado_k_rounds_li,False,True,4.263514048923858,0.863204861157272,0.7489912280701754,0.9590322555201872,0.21004102745001185,19,19,1,1,,,,,,,,,,,,,,,,2400,5,530.6687726820019
ex-all-all-def,participants_2400-projects_d-weights_default,2400,d,default,thesis,True,True,5.227161212578212,0.8788806434417664,0.7814099587203301,0.9659005510098776,0.18449059228954745,24,24,1,1,,,,,,,,,,,,,,,,2400,6,1035.0160944830022
ex-all-all-def,participants_2400-projects_d-weights_default,2400,d,default,random,False,True,2.365964426161793,0.4075415233352383,0.2486125504450955,0.5657514058436425,0.31713885539854697,24,24,30,30,0.29627418206170586,1.8456054473041639,3.0508398084167614,0.049568036064959915,0.3204001542097877,0.5212789074649667,0.07109261445244293,0.1253477254557148,0.40301243586329666,0.06872103723173961,0.4460823431095543,0.7217795787834991,0.09049756398360766,0.16579280787165956,0.5308961573293832,2400,6,1035.0160944830022
ex-all-all-def,participants_2400-projects_d-weights_default,2400,d,default,greedy_fit,False,True,4.233014173189993,0.715581808878604,0.5837919207275744,0.8256986410540983,0.24190672032652394,24,24,1,1,,,,,,,,,,,,,,,,2400,6,1035.0160944830022
ex-all-all-def,participants_2400-projects_d-weights_default,2400,d,default,machado_k_rounds,False,True,4.233014173189993,0.715581808878604,0.5837919207275744,0.8256986410540983,0.24190672032652394,24,24,1,1,,,,,,,,,,,,,,,,2400,6,1035.0160944830022
ex-all-all-def,participants_2400-projects_d-weights_default,2400,d,default,thesis_no_li,False,True,5.110983135439981,0.8590485067028959,0.7707277868770249,0.9439594059865988,0.17323161910957385,24,24,1,1,,,,,,,,,,,,,,,,2400,6,1035.0160944830022
ex-all-all-def,participants_2400-projects_d-weights_default,2400,d,default,machado_k_rounds_li,False,True,5.217495971343077,0.8772697699025771,0.7814099587203301,0.9659005510098776,0.18449059228954745,24,24,1,1,,,,,,,,,,,,,,,,2400,6,1035.0160944830022
ex-all-all-def,participants_2400-projects_e-weights_default,2400,e,default,thesis,True,True,6.923405629636916,0.8695199119180442,0.8182191054559476,0.9492337682856999,0.13101466282975238,34,34,1,1,,,,,,,,,,,,,,,,2400,8,3064.7079561609935
ex-all-all-def,participants_2400-projects_e-weights_default,2400,e,default,random,False,True,3.2094818822212656,0.41210311249777565,0.2411244098865523,0.5904964809303107,0.3493720710437584,34,34,30,30,0.3009445436644889,2.5853496540046303,3.755641753689798,0.037960226746507286,0.33440774135569074,0.4800068962424755,0.054421241375632125,0.12081916779835314,0.3474095856386422,0.0707054383039768,0.42619790749783903,0.6868420941373196,0.08685765474012336,0.1868145934334377,0.5106212243325677,2400,8,3064.7079561609935
ex-all-all-def,participants_2400-projects_e-weights_default,2400,e,default,greedy_fit,False,True,5.490768219184007,0.6940712359614855,0.5783486127496749,0.8255552867811797,0.24720667403150487,34,34,1,1,,,,,,,,,,,,,,,,2400,8,3064.7079561609935
ex-all-all-def,participants_2400-projects_e-weights_default,2400,e,default,machado_k_rounds,False,True,5.420099972490123,0.6839783563741259,0.5878981829824349,0.7948056969939699,0.20690751401153495,34,34,1,1,,,,,,,,,,,,,,,,2400,8,3064.7079561609935
ex-all-all-def,participants_2400-projects_e-weights_default,2400,e,default,thesis_no_li,False,True,6.785509364454327,0.8513568117375956,0.8070485506318565,0.9084290684176067,0.10138051778575019,34,34,1,1,,,,,,,,,,,,,,,,2400,8,3064.7079561609935
ex-all-all-def,participants_2400-projects_e-weights_default,2400,e,default,machado_k_rounds_li,False,True,6.9611931624745935,0.874136060228644,0.8175674763832659,0.9451487538014997,0.12758127741823377,34,34,1,1,,,,,,,,,,,,,,,,2400,8,3064.7079561609935
